facility_id,facility_name,street,city,state,zip_code,county,telephone_number,start_date,end_date,cauti_sir,cauti_lcl,cauti_catheter_days,cauti_observed,cauti_predicted,cauti_ucl,clabsi_sir,clabsi_lcl,clabsi_observed,clabsi_predicted,clabsi_ucl,clabsi_device_days,cdiff_sir,cdiff_lcl,cdiff_observed,cdiff_patient_days,cdiff_predicted,cdiff_ucl,mrsa_sir,mrsa_lcl,mrsa_observed,mrsa_patient_days,mrsa_predicted,mrsa_ucl,ssi_hyst_sir,ssi_hyst_lcl,ssi_hyst_procedures,ssi_hyst_observed,ssi_hyst_predicted,ssi_hyst_ucl,ssi_colon_sir,ssi_colon_lcl,ssi_colon_procedures,ssi_colon_observed,ssi_colon_predicted,ssi_colon_ucl,median_income,poverty_percentage,tract,x-coordinates,y-coordinates
390203,DOYLESTOWN HOSPITAL,595 WEST STATE ST,DOYLESTOWN,PA,18901,BUCKS,(215) 345-2200,01/01/2024,12/31/2024,0.616,0.226,6658,5,8.112,1.366,0.557,0.177,4,7.176,1.345,6903,0.618,0.366,16,56710,25.879,0.983,1.106,0.281,3,58946,2.712,3.011,Not Available,Not Available,13,0,0.086,Not Available,0.906,0.288,183,4,4.413,2.186,111151,3.1,104604,-75.145568242695,40.30388680592
390204,NAZARETH HOSPITAL,2601 HOLME AVE,PHILADELPHIA,PA,19152,PHILADELPHIA,(215) 335-6000,01/01/2024,12/31/2024,0.981,0.165,1917,2,2.038,3.242,0.728,0.036,1,1.374,3.589,1401,0.225,0.057,3,32285,13.304,0.614,2.469,0.785,4,32285,1.620,5.956,Not Available,Not Available,1,0,0.013,Not Available,Not Available,Not Available,25,0,0.689,Not Available,42895,25.7,033300,-75.042753286805,40.058339003082
390204,NAZARETH HOSPITAL,2601 HOLME AVE,PHILADELPHIA,PA,19152,PHILADELPHIA,(215) 335-6000,01/01/2024,12/31/2024,0.981,0.165,1917,2,2.038,3.242,0.728,0.036,1,1.374,3.589,1401,0.225,0.057,3,32285,13.304,0.614,2.469,0.785,4,32285,1.620,5.956,Not Available,Not Available,1,0,0.013,Not Available,Not Available,Not Available,25,0,0.689,Not Available,55389,17.3,033300,-75.042753286805,40.058339003082
390223,PENN PRESBYTERIAN MEDICAL CENTER,51 NORTH 39TH STREET,PHILADELPHIA,PA,19104,PHILADELPHIA,(215) 662-8000,01/01/2024,12/31/2024,0.711,0.428,13181,17,23.898,1.116,0.754,0.438,15,19.902,1.215,18166,0.538,0.359,26,103592,48.308,0.777,1.153,0.641,13,103592,11.275,1.922,Not Available,Not Available,114,1,0.912,Not Available,0.911,0.399,250,7,7.682,1.802,73797,6.6,009100,-75.19947039462,39.957216653887
390223,PENN PRESBYTERIAN MEDICAL CENTER,51 NORTH 39TH STREET,PHILADELPHIA,PA,19104,PHILADELPHIA,(215) 662-8000,01/01/2024,12/31/2024,0.711,0.428,13181,17,23.898,1.116,0.754,0.438,15,19.902,1.215,18166,0.538,0.359,26,103592,48.308,0.777,1.153,0.641,13,103592,11.275,1.922,Not Available,Not Available,114,1,0.912,Not Available,0.911,0.399,250,7,7.682,1.802,35139,40.5,009100,-75.19947039462,39.957216653887
390226,PENNSYLVANIA HOSPITAL,800 SPRUCE STREET,PHILADELPHIA,PA,19107,PHILADELPHIA,(215) 829-3000,01/01/2024,12/31/2024,0.939,0.436,6824,8,8.521,1.783,1.188,0.661,13,10.940,1.981,10340,0.368,0.209,14,80335,38.080,0.602,0.567,0.180,4,100800,7.049,1.369,0.957,0.243,389,3,3.134,2.605,1.033,0.379,183,5,4.838,2.291,136310,3.1,001102,-75.154845554289,39.945680181785
390228,ST CLAIR HOSPITAL,1000 BOWER HILL ROAD,PITTSBURGH,PA,15243,ALLEGHENY,(412) 942-4000,01/01/2024,12/31/2024,0.559,0.227,8879,6,10.734,1.163,0.297,0.050,2,6.737,0.981,6518,0.279,0.129,8,61830,28.692,0.529,0.560,0.094,2,64075,3.573,1.849,Not Available,Not Available,15,2,0.129,Not Available,1.127,0.358,198,4,3.549,2.719,109518,2.2,473602,-80.065128032385,40.378035129728
390231,JEFFERSON ABINGTON HOSPITAL,1200 OLD YORK ROAD,ABINGTON,PA,19001,MONTGOMERY,(215) 481-2000,01/01/2024,12/31/2024,0.339,0.165,18251,9,26.565,0.622,0.657,0.366,13,19.776,1.096,18744,0.620,0.469,53,165682,85.515,0.804,0.457,0.168,5,183650,10.930,1.014,1.198,0.381,377,4,3.340,2.889,0.852,0.396,350,8,9.385,1.619,123625,3.4,201607,-75.120312584426,40.117450870254
390270,GEISINGER WYOMING VALLEY MEDICAL CENTER,1000 EAST MOUNTAIN BOULEVARD,WILKES BARRE,PA,18711,LUZERNE,(570) 826-7300,01/01/2024,12/31/2024,0.528,0.268,15660,10,18.942,0.941,0.813,0.378,8,9.836,1.544,9478,0.538,0.377,33,97065,61.327,0.747,1.234,0.602,9,103412,7.292,2.265,Not Available,Not Available,50,0,0.418,Not Available,1.493,0.728,202,9,6.030,2.739,68875,14.7,211800,-75.808702179448,41.251103678383
390272,VALLEY FORGE MEDICAL CENTER,1033 WEST GERMANTOWN PIKE,NORRISTOWN,PA,19403,MONTGOMERY,(610) 539-8500,01/01/2024,12/31/2024,Not Available,Not Available,6,0,0.003,Not Available,Not Available,Not Available,0,0.119,Not Available,204,Not Available,Not Available,Not Available,Not Available,Not Available,Not Available,Not Available,Not Available,Not Available,Not Available,Not Available,Not Available,Not Available,Not Available,Not Available,Not Available,Not Available,Not Available,Not Available,Not Available,Not Available,Not Available,Not Available,Not Available,113843,2.9,203302,-75.368813676857,40.15654603526
390304,ROXBOROUGH MEMORIAL HOSPITAL,5800 RIDGE AVE,PHILADELPHIA,PA,19128,PHILADELPHIA,(215) 483-9900,01/01/2024,12/31/2024,Not Available,Not Available,1184,1,0.835,Not Available,Not Available,Not Available,0,0.651,Not Available,932,0.651,0.207,4,11998,6.144,1.570,Not Available,Not Available,0,11998,0.669,Not Available,Not Available,Not Available,Not Available,Not Available,Not Available,Not Available,Not Available,Not Available,6,0,0.145,Not Available,88924,15.6,021000,-75.210352820702,40.028518266891
390304,ROXBOROUGH MEMORIAL HOSPITAL,5800 RIDGE AVE,PHILADELPHIA,PA,19128,PHILADELPHIA,(215) 483-9900,01/01/2024,12/31/2024,Not Available,Not Available,1184,1,0.835,Not Available,Not Available,Not Available,0,0.651,Not Available,932,0.651,0.207,4,11998,6.144,1.570,Not Available,Not Available,0,11998,0.669,Not Available,Not Available,Not Available,Not Available,Not Available,Not Available,Not Available,Not Available,Not Available,6,0,0.145,Not Available,59167,13.2,021000,-75.210352820702,40.028518266891
390307,EDGEWOOD SURGICAL HOSPITAL,239 EDGEWOOD DRIVE EXTENSION,TRANSFER,PA,16154,MERCER,(724) 646-0400,01/01/2024,12/31/2024,Not Available,Not Available,10,0,0.005,Not Available,Not Available,Not Available,Not Available,Not Available,Not Available,Not Available,Not Available,Not Available,0,121,0.024,Not Available,Not Available,Not Available,0,121,0.002,Not Available,Not Available,Not Available,Not Available,Not Available,Not Available,Not Available,Not Available,Not Available,Not Available,Not Available,Not Available,Not Available,75278,9.3,032401,-80.419674247362,41.330103036284
390307,EDGEWOOD SURGICAL HOSPITAL,239 EDGEWOOD DRIVE EXTENSION,TRANSFER,PA,16154,MERCER,(724) 646-0400,01/01/2024,12/31/2024,Not Available,Not Available,10,0,0.005,Not Available,Not Available,Not Available,Not Available,Not Available,Not Available,Not Available,Not Available,Not Available,0,121,0.024,Not Available,Not Available,Not Available,0,121,0.002,Not Available,Not Available,Not Available,Not Available,Not Available,Not Available,Not Available,Not Available,Not Available,Not Available,Not Available,Not Available,Not Available,63929,15.2,032401,-80.419674247362,41.330103036284
390316,SURGICAL INSTITUTE OF READING,2752 CENTURY BOULEVARD,WYOMISSING,PA,19610,BERKS,(717) 999-9999,01/01/2024,12/31/2024,Not Available,Not Available,151,0,0.051,Not Available,Not Available,Not Available,Not Available,Not Available,Not Available,Not Available,Not Available,Not Available,0,1921,0.287,Not Available,Not Available,Not Available,0,1921,0.022,Not Available,Not Available,Not Available,Not Available,Not Available,Not Available,Not Available,Not Available,Not Available,11,0,0.272,Not Available,108485,3.6,010903,-75.987048615662,40.358169550082
390316,SURGICAL INSTITUTE OF READING,2752 CENTURY BOULEVARD,WYOMISSING,PA,19610,BERKS,(717) 999-9999,01/01/2024,12/31/2024,Not Available,Not Available,151,0,0.051,Not Available,Not Available,Not Available,Not Available,Not Available,Not Available,Not Available,Not Available,Not Available,0,1921,0.287,Not Available,Not Available,Not Available,0,1921,0.022,Not Available,Not Available,Not Available,Not Available,Not Available,Not Available,Not Available,Not Available,Not Available,11,0,0.272,Not Available,91955,8.5,010903,-75.987048615662,40.358169550082
390322,ROTHMAN ORTHOPAEDIC SPECIALTY HOSPITAL,3300 TILLMAN DRIVE,BENSALEM,PA,19020,BUCKS,(215) 244-7400,01/01/2024,12/31/2024,Not Available,Not Available,Not Available,Not Available,Not Available,Not Available,Not Available,Not Available,Not Available,Not Available,Not Available,Not Available,Not Available,Not Available,0,890,0.133,Not Available,Not Available,Not Available,0,890,0.011,Not Available,Not Available,Not Available,Not Available,Not Available,Not Available,Not Available,Not Available,Not Available,Not Available,Not Available,Not Available,Not Available,49158,28.4,100208,-74.961279733171,40.116806895376
390323,ADVANCED SURGICAL HOSPITAL,100 TRICH DRIVE,WASHINGTON,PA,15301,WASHINGTON,(724) 884-0710,01/01/2024,12/31/2024,Not Available,Not Available,Not Available,Not Available,Not Available,Not Available,Not Available,Not Available,Not Available,Not Available,Not Available,Not Available,Not Available,Not Available,0,1509,0.197,Not Available,Not Available,Not Available,0,1509,0.017,Not Available,Not Available,Not Available,Not Available,Not Available,Not Available,Not Available,Not Available,Not Available,Not Available,Not Available,Not Available,Not Available,65926,8.5,752700,-80.280772600065,40.157002712066
390324,PHYSICIANS CARE SURGICAL HOSPITAL,454 ENTERPRISE DRIVE,ROYERSFORD,PA,19468,MONTGOMERY,(610) 495-3330,01/01/2024,12/31/2024,Not Available,Not Available,279,0,0.156,Not Available,Not Available,Not Available,Not Available,Not Available,Not Available,Not Available,Not Available,Not Available,0,1492,0.291,Not Available,Not Available,Not Available,0,1492,0.034,Not Available,Not Available,Not Available,Not Available,Not Available,Not Available,Not Available,Not Available,Not Available,Not Available,Not Available,Not Available,Not Available,104092,3.3,208603,-75.554121190926,40.216775388572
390325,OSS ORTHOPAEDIC HOSPITAL,1861 POWDER MILL RD,YORK,PA,17402,YORK,(717) 718-2000,01/01/2024,12/31/2024,Not Available,Not Available,Not Available,Not Available,Not Available,Not Available,Not Available,Not Available,Not Available,Not Available,Not Available,Not Available,Not Available,Not Available,0,3601,0.399,Not Available,Not Available,Not Available,0,3601,0.041,Not Available,Not Available,Not Available,Not Available,Not Available,Not Available,Not Available,Not Available,Not Available,Not Available,Not Available,Not Available,Not Available,98322,3.1,022801,-76.696720670979,39.916667432695
390326,ST LUKE'S HOSPITAL - ANDERSON CAMPUS,1872 ST LUKE'S BLVD,EASTON,PA,18045,NORTHAMPTON,(484) 503-3000,01/01/2024,12/31/2024,0.180,0.009,5292,1,5.547,0.889,0.164,0.008,1,6.102,0.808,6484,0.236,0.096,6,59034,25.432,0.491,0.238,0.012,1,69857,4.199,1.175,Not Available,Not Available,40,1,0.388,Not Available,0.711,0.036,54,1,1.407,3.505,120500,3.6,017607,-75.290124095525,40.647930746031
390327,WELLSPAN SURGERY AND REHABILITATION HOSPITAL,55 MONUMENT ROAD,YORK,PA,17403,YORK,(717) 812-6100,01/01/2024,12/31/2024,Not Available,Not Available,173,0,0.085,Not Available,Not Available,Not Available,0,0.062,Not Available,106,Not Available,Not Available,0,1995,0.330,Not Available,Not Available,Not Available,0,1995,0.047,Not Available,Not Available,Not Available,Not Available,Not Available,Not Available,Not Available,Not Available,Not Available,Not Available,Not Available,Not Available,Not Available,84375,2.4,022701,-76.717842500346,39.922945904352
390327,WELLSPAN SURGERY AND REHABILITATION HOSPITAL,55 MONUMENT ROAD,YORK,PA,17403,YORK,(717) 812-6100,01/01/2024,12/31/2024,Not Available,Not Available,173,0,0.085,Not Available,Not Available,Not Available,0,0.062,Not Available,106,Not Available,Not Available,0,1995,0.330,Not Available,Not Available,Not Available,0,1995,0.047,Not Available,Not Available,Not Available,Not Available,Not Available,Not Available,Not Available,Not Available,Not Available,Not Available,Not Available,Not Available,Not Available,103966,3.3,022701,-76.717842500346,39.922945904352
390329,JEFFERSON EINSTEIN MONTGOMERY HOSPITAL,559 WEST GERMANTOWN PIKE,EAST NORRITON,PA,19403,MONTGOMERY,(484) 662-1000,01/01/2024,12/31/2024,1.712,0.795,4637,8,4.674,3.250,0.916,0.233,3,3.276,2.492,3347,0.254,0.118,8,52599,31.446,0.483,0.899,0.229,3,58431,3.337,2.447,2.053,0.522,180,3,1.461,5.588,0.592,0.030,65,1,1.689,2.920,113843,2.9,203302,-75.34182392207,40.150576451254
390331,WILLS EYE HOSPITAL,840 WALNUT STREET,PHILADELPHIA,PA,19107,PHILADELPHIA,(215) 440-3100,01/01/2024,12/31/2024,Not Available,Not Available,Not Available,Not Available,Not Available,Not Available,Not Available,Not Available,0,0.006,Not Available,8,Not Available,Not Available,0,626,0.071,Not Available,Not Available,Not Available,0,626,0.008,Not Available,Not Available,Not Available,Not Available,Not Available,Not Available,Not Available,Not Available,Not Available,Not Available,Not Available,Not Available,Not Available,20721,47.3,000902,-75.155904211118,39.948237459574
390331,WILLS EYE HOSPITAL,840 WALNUT STREET,PHILADELPHIA,PA,19107,PHILADELPHIA,(215) 440-3100,01/01/2024,12/31/2024,Not Available,Not Available,Not Available,Not Available,Not Available,Not Available,Not Available,Not Available,0,0.006,Not Available,8,Not Available,Not Available,0,626,0.071,Not Available,Not Available,Not Available,0,626,0.008,Not Available,Not Available,Not Available,Not Available,Not Available,Not Available,Not Available,Not Available,Not Available,Not Available,Not Available,Not Available,Not Available,85271,16.7,000902,-75.155904211118,39.948237459574
390331,WILLS EYE HOSPITAL,840 WALNUT STREET,PHILADELPHIA,PA,19107,PHILADELPHIA,(215) 440-3100,01/01/2024,12/31/2024,Not Available,Not Available,Not Available,Not Available,Not Available,Not Available,Not Available,Not Available,0,0.006,Not Available,8,Not Available,Not Available,0,626,0.071,Not Available,Not Available,Not Available,0,626,0.008,Not Available,Not Available,Not Available,Not Available,Not Available,Not Available,Not Available,Not Available,Not Available,Not Available,Not Available,Not Available,Not Available,77591,6.2,000902,-75.155904211118,39.948237459574
390333,"AHN EMERUS WESTMORELAND, LLC",6321 ROUTE 30,GREENSBURG,PA,15601,WESTMORELAND,(787) 295-4735,01/01/2024,12/31/2024,Not Available,Not Available,73,0,0.040,Not Available,Not Available,Not Available,0,0.035,Not Available,61,Not Available,Not Available,0,2138,0.619,Not Available,Not Available,Not Available,0,2138,0.043,Not Available,Not Available,Not Available,Not Available,Not Available,Not Available,Not Available,Not Available,Not Available,Not Available,Not Available,Not Available,Not Available,79539,4.2,803700,-79.600191687599,40.310165177754
390337,GEISINGER MEDICAL CENTER MUNCY,255 ROUTE 220 HIGHWAY,MUNCY,PA,17756,LYCOMING,(570) 308-2475,01/01/2024,12/31/2024,Not Available,Not Available,394,0,0.281,Not Available,Not Available,Not Available,0,0.239,Not Available,317,0.574,0.029,1,4604,1.743,2.830,Not Available,Not Available,0,4604,0.114,Not Available,Not Available,Not Available,2,0,0.019,Not Available,Not Available,Not Available,6,0,0.133,Not Available,61912,12.0,010800,-76.805898393869,41.238915001405
390337,GEISINGER MEDICAL CENTER MUNCY,255 ROUTE 220 HIGHWAY,MUNCY,PA,17756,LYCOMING,(570) 308-2475,01/01/2024,12/31/2024,Not Available,Not Available,394,0,0.281,Not Available,Not Available,Not Available,0,0.239,Not Available,317,0.574,0.029,1,4604,1.743,2.830,Not Available,Not Available,0,4604,0.114,Not Available,Not Available,Not Available,2,0,0.019,Not Available,Not Available,Not Available,6,0,0.133,Not Available,76473,9.3,010800,-76.805898393869,41.238915001405
390337,GEISINGER MEDICAL CENTER MUNCY,255 ROUTE 220 HIGHWAY,MUNCY,PA,17756,LYCOMING,(570) 308-2475,01/01/2024,12/31/2024,Not Available,Not Available,394,0,0.281,Not Available,Not Available,Not Available,0,0.239,Not Available,317,0.574,0.029,1,4604,1.743,2.830,Not Available,Not Available,0,4604,0.114,Not Available,Not Available,Not Available,2,0,0.019,Not Available,Not Available,Not Available,6,0,0.133,Not Available,73925,9.9,010800,-76.805898393869,41.238915001405
390337,GEISINGER MEDICAL CENTER MUNCY,255 ROUTE 220 HIGHWAY,MUNCY,PA,17756,LYCOMING,(570) 308-2475,01/01/2024,12/31/2024,Not Available,Not Available,394,0,0.281,Not Available,Not Available,Not Available,0,0.239,Not Available,317,0.574,0.029,1,4604,1.743,2.830,Not Available,Not Available,0,4604,0.114,Not Available,Not Available,Not Available,2,0,0.019,Not Available,Not Available,Not Available,6,0,0.133,Not Available,51232,9.3,010800,-76.805898393869,41.238915001405
390337,GEISINGER MEDICAL CENTER MUNCY,255 ROUTE 220 HIGHWAY,MUNCY,PA,17756,LYCOMING,(570) 308-2475,01/01/2024,12/31/2024,Not Available,Not Available,394,0,0.281,Not Available,Not Available,Not Available,0,0.239,Not Available,317,0.574,0.029,1,4604,1.743,2.830,Not Available,Not Available,0,4604,0.114,Not Available,Not Available,Not Available,2,0,0.019,Not Available,Not Available,Not Available,6,0,0.133,Not Available,98785,5.4,010800,-76.805898393869,41.238915001405
390337,GEISINGER MEDICAL CENTER MUNCY,255 ROUTE 220 HIGHWAY,MUNCY,PA,17756,LYCOMING,(570) 308-2475,01/01/2024,12/31/2024,Not Available,Not Available,394,0,0.281,Not Available,Not Available,Not Available,0,0.239,Not Available,317,0.574,0.029,1,4604,1.743,2.830,Not Available,Not Available,0,4604,0.114,Not Available,Not Available,Not Available,2,0,0.019,Not Available,Not Available,Not Available,6,0,0.133,Not Available,81974,6.1,010800,-76.805898393869,41.238915001405
390337,GEISINGER MEDICAL CENTER MUNCY,255 ROUTE 220 HIGHWAY,MUNCY,PA,17756,LYCOMING,(570) 308-2475,01/01/2024,12/31/2024,Not Available,Not Available,394,0,0.281,Not Available,Not Available,Not Available,0,0.239,Not Available,317,0.574,0.029,1,4604,1.743,2.830,Not Available,Not Available,0,4604,0.114,Not Available,Not Available,Not Available,2,0,0.019,Not Available,Not Available,Not Available,6,0,0.133,Not Available,48207,31.6,010800,-76.805898393869,41.238915001405
390337,GEISINGER MEDICAL CENTER MUNCY,255 ROUTE 220 HIGHWAY,MUNCY,PA,17756,LYCOMING,(570) 308-2475,01/01/2024,12/31/2024,Not Available,Not Available,394,0,0.281,Not Available,Not Available,Not Available,0,0.239,Not Available,317,0.574,0.029,1,4604,1.743,2.830,Not Available,Not Available,0,4604,0.114,Not Available,Not Available,Not Available,2,0,0.019,Not Available,Not Available,Not Available,6,0,0.133,Not Available,32999,45.1,010800,-76.805898393869,41.238915001405
390338,LEHIGH VALLEY HOSPITAL - DICKSON CITY,330 MAIN STREET,DICKSON CITY,PA,18519,LACKAWANNA,(570) 330-5000,01/01/2024,12/31/2024,Not Available,Not Available,557,0,0.397,Not Available,Not Available,Not Available,0,0.188,Not Available,251,1.196,0.304,3,10733,2.508,3.255,Not Available,Not Available,0,10733,0.309,Not Available,Not Available,Not Available,1,0,0.006,Not Available,Not Available,Not Available,28,0,0.683,Not Available,38631,25.8,111600,-75.632646150492,41.453739615318
390338,LEHIGH VALLEY HOSPITAL - DICKSON CITY,330 MAIN STREET,DICKSON CITY,PA,18519,LACKAWANNA,(570) 330-5000,01/01/2024,12/31/2024,Not Available,Not Available,557,0,0.397,Not Available,Not Available,Not Available,0,0.188,Not Available,251,1.196,0.304,3,10733,2.508,3.255,Not Available,Not Available,0,10733,0.309,Not Available,Not Available,Not Available,1,0,0.006,Not Available,Not Available,Not Available,28,0,0.683,Not Available,59703,13.1,111600,-75.632646150492,41.453739615318
390430,LEHIGH VALLEY HOSPITAL - MACUNGIE,3369 STATE ROUTE 100,MACUNGIE,PA,18062,LEHIGH,(835) 215-5500,01/01/2024,12/31/2024,Not Available,Not Available,2,0,0.001,Not Available,Not Available,Not Available,0,0.001,Not Available,1,Not Available,Not Available,0,482,0.129,Not Available,Not Available,Not Available,0,482,0.008,Not Available,Not Available,Not Available,Not Available,Not Available,Not Available,Not Available,Not Available,Not Available,Not Available,Not Available,Not Available,Not Available,88218,3.8,006312,-75.563338180594,40.518725852161
391300,GEISINGER JERSEY SHORE HOSPITAL,1020 THOMPSON STREET,JERSEY SHORE,PA,17740,LYCOMING,(570) 398-3101,01/01/2024,12/31/2024,Not Available,Not Available,156,0,0.101,Not Available,Not Available,Not Available,0,0.003,Not Available,12,0.975,0.163,2,4517,2.051,3.222,Not Available,Not Available,0,4517,0.095,Not Available,Not Available,Not Available,5,0,0.044,Not Available,Not Available,Not Available,Not Available,Not Available,Not Available,Not Available,50448,35.8,011900,-77.267990594251,41.201697154068
391300,GEISINGER JERSEY SHORE HOSPITAL,1020 THOMPSON STREET,JERSEY SHORE,PA,17740,LYCOMING,(570) 398-3101,01/01/2024,12/31/2024,Not Available,Not Available,156,0,0.101,Not Available,Not Available,Not Available,0,0.003,Not Available,12,0.975,0.163,2,4517,2.051,3.222,Not Available,Not Available,0,4517,0.095,Not Available,Not Available,Not Available,5,0,0.044,Not Available,Not Available,Not Available,Not Available,Not Available,Not Available,Not Available,45081,29.2,011900,-77.267990594251,41.201697154068
391300,GEISINGER JERSEY SHORE HOSPITAL,1020 THOMPSON STREET,JERSEY SHORE,PA,17740,LYCOMING,(570) 398-3101,01/01/2024,12/31/2024,Not Available,Not Available,156,0,0.101,Not Available,Not Available,Not Available,0,0.003,Not Available,12,0.975,0.163,2,4517,2.051,3.222,Not Available,Not Available,0,4517,0.095,Not Available,Not Available,Not Available,5,0,0.044,Not Available,Not Available,Not Available,Not Available,Not Available,Not Available,Not Available,84270,7.0,011900,-77.267990594251,41.201697154068
391300,GEISINGER JERSEY SHORE HOSPITAL,1020 THOMPSON STREET,JERSEY SHORE,PA,17740,LYCOMING,(570) 398-3101,01/01/2024,12/31/2024,Not Available,Not Available,156,0,0.101,Not Available,Not Available,Not Available,0,0.003,Not Available,12,0.975,0.163,2,4517,2.051,3.222,Not Available,Not Available,0,4517,0.095,Not Available,Not Available,Not Available,5,0,0.044,Not Available,Not Available,Not Available,Not Available,Not Available,Not Available,Not Available,70000,6.1,011900,-77.267990594251,41.201697154068
391300,GEISINGER JERSEY SHORE HOSPITAL,1020 THOMPSON STREET,JERSEY SHORE,PA,17740,LYCOMING,(570) 398-3101,01/01/2024,12/31/2024,Not Available,Not Available,156,0,0.101,Not Available,Not Available,Not Available,0,0.003,Not Available,12,0.975,0.163,2,4517,2.051,3.222,Not Available,Not Available,0,4517,0.095,Not Available,Not Available,Not Available,5,0,0.044,Not Available,Not Available,Not Available,Not Available,Not Available,Not Available,Not Available,63628,12.1,011900,-77.267990594251,41.201697154068
391302,CONEMAUGH MEYERSDALE MEDICAL CENTER,200 HOSPITAL DRIVE,MEYERSDALE,PA,15552,SOMERSET,(814) 634-5911,01/01/2024,12/31/2024,Not Available,Not Available,112,0,0.072,Not Available,Not Available,Not Available,0,0.026,Not Available,97,Not Available,Not Available,0,1343,0.296,Not Available,Not Available,Not Available,0,1343,0.027,Not Available,Not Available,Not Available,Not Available,Not Available,Not Available,Not Available,Not Available,Not Available,Not Available,Not Available,Not Available,Not Available,24938,39.3,021600,-79.025064156803,39.809531926649
391302,CONEMAUGH MEYERSDALE MEDICAL CENTER,200 HOSPITAL DRIVE,MEYERSDALE,PA,15552,SOMERSET,(814) 634-5911,01/01/2024,12/31/2024,Not Available,Not Available,112,0,0.072,Not Available,Not Available,Not Available,0,0.026,Not Available,97,Not Available,Not Available,0,1343,0.296,Not Available,Not Available,Not Available,0,1343,0.027,Not Available,Not Available,Not Available,Not Available,Not Available,Not Available,Not Available,Not Available,Not Available,Not Available,Not Available,Not Available,Not Available,101075,6.5,021600,-79.025064156803,39.809531926649
391302,CONEMAUGH MEYERSDALE MEDICAL CENTER,200 HOSPITAL DRIVE,MEYERSDALE,PA,15552,SOMERSET,(814) 634-5911,01/01/2024,12/31/2024,Not Available,Not Available,112,0,0.072,Not Available,Not Available,Not Available,0,0.026,Not Available,97,Not Available,Not Available,0,1343,0.296,Not Available,Not Available,Not Available,0,1343,0.027,Not Available,Not Available,Not Available,Not Available,Not Available,Not Available,Not Available,Not Available,Not Available,Not Available,Not Available,Not Available,Not Available,64545,11.6,021600,-79.025064156803,39.809531926649
391302,CONEMAUGH MEYERSDALE MEDICAL CENTER,200 HOSPITAL DRIVE,MEYERSDALE,PA,15552,SOMERSET,(814) 634-5911,01/01/2024,12/31/2024,Not Available,Not Available,112,0,0.072,Not Available,Not Available,Not Available,0,0.026,Not Available,97,Not Available,Not Available,0,1343,0.296,Not Available,Not Available,Not Available,0,1343,0.027,Not Available,Not Available,Not Available,Not Available,Not Available,Not Available,Not Available,Not Available,Not Available,Not Available,Not Available,Not Available,Not Available,59827,15.4,021600,-79.025064156803,39.809531926649
391303,FULTON COUNTY MEDICAL CENTER,214 PEACH ORCHARD ROAD,MCCONNELLSBURG,PA,17233,FULTON,(717) 485-3155,01/01/2024,12/31/2024,Not Available,Not Available,278,0,0.679,Not Available,Not Available,Not Available,0,0.020,Not Available,76,Not Available,Not Available,Not Available,Not Available,Not Available,Not Available,Not Available,Not Available,Not Available,Not Available,Not Available,Not Available,Not Available,Not Available,Not Available,Not Available,Not Available,Not Available,Not Available,Not Available,Not Available,Not Available,Not Available,Not Available,58654,14.8,960100,-78.009132570228,39.938483603924
391303,FULTON COUNTY MEDICAL CENTER,214 PEACH ORCHARD ROAD,MCCONNELLSBURG,PA,17233,FULTON,(717) 485-3155,01/01/2024,12/31/2024,Not Available,Not Available,278,0,0.679,Not Available,Not Available,Not Available,0,0.020,Not Available,76,Not Available,Not Available,Not Available,Not Available,Not Available,Not Available,Not Available,Not Available,Not Available,Not Available,Not Available,Not Available,Not Available,Not Available,Not Available,Not Available,Not Available,Not Available,Not Available,Not Available,Not Available,Not Available,Not Available,Not Available,36167,18.1,960100,-78.009132570228,39.938483603924
391303,FULTON COUNTY MEDICAL CENTER,214 PEACH ORCHARD ROAD,MCCONNELLSBURG,PA,17233,FULTON,(717) 485-3155,01/01/2024,12/31/2024,Not Available,Not Available,278,0,0.679,Not Available,Not Available,Not Available,0,0.020,Not Available,76,Not Available,Not Available,Not Available,Not Available,Not Available,Not Available,Not Available,Not Available,Not Available,Not Available,Not Available,Not Available,Not Available,Not Available,Not Available,Not Available,Not Available,Not Available,Not Available,Not Available,Not Available,Not Available,Not Available,Not Available,63219,13.2,960100,-78.009132570228,39.938483603924
391303,FULTON COUNTY MEDICAL CENTER,214 PEACH ORCHARD ROAD,MCCONNELLSBURG,PA,17233,FULTON,(717) 485-3155,01/01/2024,12/31/2024,Not Available,Not Available,278,0,0.679,Not Available,Not Available,Not Available,0,0.020,Not Available,76,Not Available,Not Available,Not Available,Not Available,Not Available,Not Available,Not Available,Not Available,Not Available,Not Available,Not Available,Not Available,Not Available,Not Available,Not Available,Not Available,Not Available,Not Available,Not Available,Not Available,Not Available,Not Available,Not Available,Not Available,57689,15.4,960100,-78.009132570228,39.938483603924
391303,FULTON COUNTY MEDICAL CENTER,214 PEACH ORCHARD ROAD,MCCONNELLSBURG,PA,17233,FULTON,(717) 485-3155,01/01/2024,12/31/2024,Not Available,Not Available,278,0,0.679,Not Available,Not Available,Not Available,0,0.020,Not Available,76,Not Available,Not Available,Not Available,Not Available,Not Available,Not Available,Not Available,Not Available,Not Available,Not Available,Not Available,Not Available,Not Available,Not Available,Not Available,Not Available,Not Available,Not Available,Not Available,Not Available,Not Available,Not Available,Not Available,Not Available,71910,24.5,960100,-78.009132570228,39.938483603924
391303,FULTON COUNTY MEDICAL CENTER,214 PEACH ORCHARD ROAD,MCCONNELLSBURG,PA,17233,FULTON,(717) 485-3155,01/01/2024,12/31/2024,Not Available,Not Available,278,0,0.679,Not Available,Not Available,Not Available,0,0.020,Not Available,76,Not Available,Not Available,Not Available,Not Available,Not Available,Not Available,Not Available,Not Available,Not Available,Not Available,Not Available,Not Available,Not Available,Not Available,Not Available,Not Available,Not Available,Not Available,Not Available,Not Available,Not Available,Not Available,Not Available,Not Available,63125,6.7,960100,-78.009132570228,39.938483603924
391304,BUCKTAIL MEDICAL CENTER,1001 PINE STREET,RENOVO,PA,17764,CLINTON,(570) 923-1000,01/01/2024,12/31/2024,Not Available,Not Available,201,0,0.131,Not Available,Not Available,Not Available,0,0.021,Not Available,77,Not Available,Not Available,Not Available,Not Available,Not Available,Not Available,Not Available,Not Available,0,946,0.020,Not Available,Not Available,Not Available,Not Available,Not Available,Not Available,Not Available,Not Available,Not Available,Not Available,Not Available,Not Available,Not Available,43184,20.1,030100,-77.738016665424,41.326839548901
391304,BUCKTAIL MEDICAL CENTER,1001 PINE STREET,RENOVO,PA,17764,CLINTON,(570) 923-1000,01/01/2024,12/31/2024,Not Available,Not Available,201,0,0.131,Not Available,Not Available,Not Available,0,0.021,Not Available,77,Not Available,Not Available,Not Available,Not Available,Not Available,Not Available,Not Available,Not Available,0,946,0.020,Not Available,Not Available,Not Available,Not Available,Not Available,Not Available,Not Available,Not Available,Not Available,Not Available,Not Available,Not Available,Not Available,29079,27.2,030100,-77.738016665424,41.326839548901
391304,BUCKTAIL MEDICAL CENTER,1001 PINE STREET,RENOVO,PA,17764,CLINTON,(570) 923-1000,01/01/2024,12/31/2024,Not Available,Not Available,201,0,0.131,Not Available,Not Available,Not Available,0,0.021,Not Available,77,Not Available,Not Available,Not Available,Not Available,Not Available,Not Available,Not Available,Not Available,0,946,0.020,Not Available,Not Available,Not Available,Not Available,Not Available,Not Available,Not Available,Not Available,Not Available,Not Available,Not Available,Not Available,Not Available,80194,6.8,030100,-77.738016665424,41.326839548901
391304,BUCKTAIL MEDICAL CENTER,1001 PINE STREET,RENOVO,PA,17764,CLINTON,(570) 923-1000,01/01/2024,12/31/2024,Not Available,Not Available,201,0,0.131,Not Available,Not Available,Not Available,0,0.021,Not Available,77,Not Available,Not Available,Not Available,Not Available,Not Available,Not Available,Not Available,Not Available,0,946,0.020,Not Available,Not Available,Not Available,Not Available,Not Available,Not Available,Not Available,Not Available,Not Available,Not Available,Not Available,Not Available,Not Available,-666666666,39.5,030100,-77.738016665424,41.326839548901
391307,PENN HIGHLANDS TYRONE,187 HOSPITAL DRIVE,TYRONE,PA,16686,BLAIR,(814) 684-1255,01/01/2024,12/31/2024,Not Available,Not Available,306,1,0.200,Not Available,Not Available,Not Available,0,0.090,Not Available,330,Not Available,Not Available,1,3260,0.891,Not Available,Not Available,Not Available,0,3260,0.068,Not Available,Not Available,Not Available,Not Available,Not Available,Not Available,Not Available,Not Available,Not Available,Not Available,Not Available,Not Available,Not Available,70357,8.4,010101,-78.251959538677,40.674871526178
391307,PENN HIGHLANDS TYRONE,187 HOSPITAL DRIVE,TYRONE,PA,16686,BLAIR,(814) 684-1255,01/01/2024,12/31/2024,Not Available,Not Available,306,1,0.200,Not Available,Not Available,Not Available,0,0.090,Not Available,330,Not Available,Not Available,1,3260,0.891,Not Available,Not Available,Not Available,0,3260,0.068,Not Available,Not Available,Not Available,Not Available,Not Available,Not Available,Not Available,Not Available,Not Available,Not Available,Not Available,Not Available,Not Available,81296,14.3,010101,-78.251959538677,40.674871526178
391308,LECOM HEALTH CORRY MEMORIAL HOSPITAL,965 SHAMROCK LANE,CORRY,PA,16407,ERIE,(814) 664-4641,01/01/2024,12/31/2024,Not Available,Not Available,666,0,0.435,Not Available,Not Available,Not Available,0,0.004,Not Available,16,Not Available,Not Available,0,1541,0.413,Not Available,Not Available,Not Available,0,1541,0.033,Not Available,Not Available,Not Available,Not Available,Not Available,Not Available,Not Available,Not Available,Not Available,Not Available,Not Available,Not Available,Not Available,50448,35.8,011900,-79.612552278215,41.935237374992
391308,LECOM HEALTH CORRY MEMORIAL HOSPITAL,965 SHAMROCK LANE,CORRY,PA,16407,ERIE,(814) 664-4641,01/01/2024,12/31/2024,Not Available,Not Available,666,0,0.435,Not Available,Not Available,Not Available,0,0.004,Not Available,16,Not Available,Not Available,0,1541,0.413,Not Available,Not Available,Not Available,0,1541,0.033,Not Available,Not Available,Not Available,Not Available,Not Available,Not Available,Not Available,Not Available,Not Available,Not Available,Not Available,Not Available,Not Available,45081,29.2,011900,-79.612552278215,41.935237374992
391308,LECOM HEALTH CORRY MEMORIAL HOSPITAL,965 SHAMROCK LANE,CORRY,PA,16407,ERIE,(814) 664-4641,01/01/2024,12/31/2024,Not Available,Not Available,666,0,0.435,Not Available,Not Available,Not Available,0,0.004,Not Available,16,Not Available,Not Available,0,1541,0.413,Not Available,Not Available,Not Available,0,1541,0.033,Not Available,Not Available,Not Available,Not Available,Not Available,Not Available,Not Available,Not Available,Not Available,Not Available,Not Available,Not Available,Not Available,84270,7.0,011900,-79.612552278215,41.935237374992
391308,LECOM HEALTH CORRY MEMORIAL HOSPITAL,965 SHAMROCK LANE,CORRY,PA,16407,ERIE,(814) 664-4641,01/01/2024,12/31/2024,Not Available,Not Available,666,0,0.435,Not Available,Not Available,Not Available,0,0.004,Not Available,16,Not Available,Not Available,0,1541,0.413,Not Available,Not Available,Not Available,0,1541,0.033,Not Available,Not Available,Not Available,Not Available,Not Available,Not Available,Not Available,Not Available,Not Available,Not Available,Not Available,Not Available,Not Available,70000,6.1,011900,-79.612552278215,41.935237374992
391308,LECOM HEALTH CORRY MEMORIAL HOSPITAL,965 SHAMROCK LANE,CORRY,PA,16407,ERIE,(814) 664-4641,01/01/2024,12/31/2024,Not Available,Not Available,666,0,0.435,Not Available,Not Available,Not Available,0,0.004,Not Available,16,Not Available,Not Available,0,1541,0.413,Not Available,Not Available,Not Available,0,1541,0.033,Not Available,Not Available,Not Available,Not Available,Not Available,Not Available,Not Available,Not Available,Not Available,Not Available,Not Available,Not Available,Not Available,63628,12.1,011900,-79.612552278215,41.935237374992
391309,BARNES-KASSON COUNTY HOSPITAL,2872 TURNPIKE STREET,SUSQUEHANNA,PA,18847,SUSQUEHANNA,(570) 853-3135,01/01/2024,12/31/2024,Not Available,Not Available,574,0,0.375,Not Available,Not Available,Not Available,Not Available,Not Available,Not Available,Not Available,Not Available,Not Available,Not Available,Not Available,Not Available,Not Available,Not Available,Not Available,Not Available,Not Available,Not Available,Not Available,Not Available,Not Available,Not Available,Not Available,Not Available,Not Available,Not Available,Not Available,1,0,0.013,Not Available,77875,3.9,032300,-75.593738894852,41.946233000163
391309,BARNES-KASSON COUNTY HOSPITAL,2872 TURNPIKE STREET,SUSQUEHANNA,PA,18847,SUSQUEHANNA,(570) 853-3135,01/01/2024,12/31/2024,Not Available,Not Available,574,0,0.375,Not Available,Not Available,Not Available,Not Available,Not Available,Not Available,Not Available,Not Available,Not Available,Not Available,Not Available,Not Available,Not Available,Not Available,Not Available,Not Available,Not Available,Not Available,Not Available,Not Available,Not Available,Not Available,Not Available,Not Available,Not Available,Not Available,Not Available,1,0,0.013,Not Available,40300,28.3,032300,-75.593738894852,41.946233000163
391309,BARNES-KASSON COUNTY HOSPITAL,2872 TURNPIKE STREET,SUSQUEHANNA,PA,18847,SUSQUEHANNA,(570) 853-3135,01/01/2024,12/31/2024,Not Available,Not Available,574,0,0.375,Not Available,Not Available,Not Available,Not Available,Not Available,Not Available,Not Available,Not Available,Not Available,Not Available,Not Available,Not Available,Not Available,Not Available,Not Available,Not Available,Not Available,Not Available,Not Available,Not Available,Not Available,Not Available,Not Available,Not Available,Not Available,Not Available,Not Available,1,0,0.013,Not Available,52944,18.2,032300,-75.593738894852,41.946233000163
391316,UPMC WELLSBORO,32-36 CENTRAL AVENUE,WELLSBORO,PA,16901,TIOGA,(570) 723-7764,01/01/2024,12/31/2024,Not Available,Not Available,927,0,0.911,Not Available,Not Available,Not Available,1,0.165,Not Available,608,0.575,0.029,1,5146,1.740,2.834,Not Available,Not Available,0,5343,0.111,Not Available,Not Available,Not Available,16,0,0.125,Not Available,Not Available,Not Available,9,1,0.203,Not Available,71049,10.4,950800,-77.300507534356,41.746248881878
391316,UPMC WELLSBORO,32-36 CENTRAL AVENUE,WELLSBORO,PA,16901,TIOGA,(570) 723-7764,01/01/2024,12/31/2024,Not Available,Not Available,927,0,0.911,Not Available,Not Available,Not Available,1,0.165,Not Available,608,0.575,0.029,1,5146,1.740,2.834,Not Available,Not Available,0,5343,0.111,Not Available,Not Available,Not Available,16,0,0.125,Not Available,Not Available,Not Available,9,1,0.203,Not Available,71518,7.0,950800,-77.300507534356,41.746248881878
391316,UPMC WELLSBORO,32-36 CENTRAL AVENUE,WELLSBORO,PA,16901,TIOGA,(570) 723-7764,01/01/2024,12/31/2024,Not Available,Not Available,927,0,0.911,Not Available,Not Available,Not Available,1,0.165,Not Available,608,0.575,0.029,1,5146,1.740,2.834,Not Available,Not Available,0,5343,0.111,Not Available,Not Available,Not Available,16,0,0.125,Not Available,Not Available,Not Available,9,1,0.203,Not Available,67000,10.6,950800,-77.300507534356,41.746248881878
391316,UPMC WELLSBORO,32-36 CENTRAL AVENUE,WELLSBORO,PA,16901,TIOGA,(570) 723-7764,01/01/2024,12/31/2024,Not Available,Not Available,927,0,0.911,Not Available,Not Available,Not Available,1,0.165,Not Available,608,0.575,0.029,1,5146,1.740,2.834,Not Available,Not Available,0,5343,0.111,Not Available,Not Available,Not Available,16,0,0.125,Not Available,Not Available,Not Available,9,1,0.203,Not Available,58407,15.0,950800,-77.300507534356,41.746248881878
391316,UPMC WELLSBORO,32-36 CENTRAL AVENUE,WELLSBORO,PA,16901,TIOGA,(570) 723-7764,01/01/2024,12/31/2024,Not Available,Not Available,927,0,0.911,Not Available,Not Available,Not Available,1,0.165,Not Available,608,0.575,0.029,1,5146,1.740,2.834,Not Available,Not Available,0,5343,0.111,Not Available,Not Available,Not Available,16,0,0.125,Not Available,Not Available,Not Available,9,1,0.203,Not Available,64297,10.1,950800,-77.300507534356,41.746248881878
393303,CHILDREN'S HOSPITAL OF PHILADELPHIA,3401 CIVIC CENTER BLVD,PHILADELPHIA,PA,19104,PHILADELPHIA,(215) 590-1000,01/01/2024,12/31/2024,Not Available,Not Available,Not Available,Not Available,Not Available,Not Available,Not Available,Not Available,Not Available,Not Available,Not Available,Not Available,Not Available,Not Available,Not Available,Not Available,Not Available,Not Available,Not Available,Not Available,Not Available,Not Available,Not Available,Not Available,Not Available,Not Available,Not Available,Not Available,Not Available,Not Available,Not Available,Not Available,Not Available,Not Available,Not Available,Not Available,-666666666,-666666666.0,036901,-75.193774876682,39.94785990077
393304,CHILDREN'S HOME OF PITTSBURGH,5324 PENN AVENUE,PITTSBURGH,PA,15224,ALLEGHENY,(412) 441-4884,01/01/2024,12/31/2024,Not Available,Not Available,Not Available,Not Available,Not Available,Not Available,Not Available,Not Available,Not Available,Not Available,Not Available,Not Available,Not Available,Not Available,Not Available,Not Available,Not Available,Not Available,Not Available,Not Available,Not Available,Not Available,Not Available,Not Available,Not Available,Not Available,Not Available,Not Available,Not Available,Not Available,Not Available,Not Available,Not Available,Not Available,Not Available,Not Available,62857,13.7,080900,-79.938033784234,40.464535447426
393304,CHILDREN'S HOME OF PITTSBURGH,5324 PENN AVENUE,PITTSBURGH,PA,15224,ALLEGHENY,(412) 441-4884,01/01/2024,12/31/2024,Not Available,Not Available,Not Available,Not Available,Not Available,Not Available,Not Available,Not Available,Not Available,Not Available,Not Available,Not Available,Not Available,Not Available,Not Available,Not Available,Not Available,Not Available,Not Available,Not Available,Not Available,Not Available,Not Available,Not Available,Not Available,Not Available,Not Available,Not Available,Not Available,Not Available,Not Available,Not Available,Not Available,Not Available,Not Available,Not Available,67759,12.2,080900,-79.938033784234,40.464535447426
393307,ST CHRISTOPHER'S HOSPITAL FOR CHILDREN,160 EAST ERIE AVE,PHILADELPHIA,PA,19134,PHILADELPHIA,(215) 427-5000,01/01/2024,12/31/2024,Not Available,Not Available,Not Available,Not Available,Not Available,Not Available,Not Available,Not Available,Not Available,Not Available,Not Available,Not Available,Not Available,Not Available,Not Available,Not Available,Not Available,Not Available,Not Available,Not Available,Not Available,Not Available,Not Available,Not Available,Not Available,Not Available,Not Available,Not Available,Not Available,Not Available,Not Available,Not Available,Not Available,Not Available,Not Available,Not Available,-666666666,-666666666.0,989300,-75.128976223741,40.007263323676
393309,SHRINERS HOSPITALS FOR CHILDREN - PHILADELPHIA,3551 N BROAD STREET,PHILADELPHIA,PA,19104,PHILADELPHIA,(215) 430-4000,01/01/2024,12/31/2024,Not Available,Not Available,Not Available,Not Available,Not Available,Not Available,Not Available,Not Available,Not Available,Not Available,Not Available,Not Available,Not Available,Not Available,Not Available,Not Available,Not Available,Not Available,Not Available,Not Available,Not Available,Not Available,Not Available,Not Available,Not Available,Not Available,Not Available,Not Available,Not Available,Not Available,Not Available,Not Available,Not Available,Not Available,Not Available,Not Available,18510,39.1,020000,-75.151685414416,40.006922879137
390001,GEISINGER-COMMUNITY MEDICAL CENTER,1822 MULBERRY STREET,SCRANTON,PA,18510,LACKAWANNA,(570) 703-8000,01/01/2024,12/31/2024,0.524,0.256,13938,9,17.170,0.962,0.436,0.138,4,9.177,1.051,8777,0.306,0.178,15,81198,49.047,0.493,2.953,1.643,13,82496,4.402,4.923,Not Available,Not Available,35,0,0.325,Not Available,1.436,0.729,262,10,6.964,2.560,68929,10.7,100400,-75.64632252066,41.400926978987
390001,GEISINGER-COMMUNITY MEDICAL CENTER,1822 MULBERRY STREET,SCRANTON,PA,18510,LACKAWANNA,(570) 703-8000,01/01/2024,12/31/2024,0.524,0.256,13938,9,17.170,0.962,0.436,0.138,4,9.177,1.051,8777,0.306,0.178,15,81198,49.047,0.493,2.953,1.643,13,82496,4.402,4.923,Not Available,Not Available,35,0,0.325,Not Available,1.436,0.729,262,10,6.964,2.560,55278,27.6,100400,-75.64632252066,41.400926978987
390002,UPMC MCKEESPORT HOSPITAL,1500 FIFTH AVENUE,MC KEESPORT,PA,15132,ALLEGHENY,(412) 664-2000,01/01/2024,12/31/2024,Not Available,Not Available,1031,0,0.979,Not Available,0.713,0.036,1,1.402,3.518,1656,0.350,0.089,3,29345,8.569,0.953,1.674,0.281,2,29345,1.195,5.529,Not Available,Not Available,1,0,0.008,Not Available,Not Available,Not Available,Not Available,Not Available,Not Available,Not Available,30192,28.3,550900,-79.850313343127,40.352105506026
390006,GEISINGER MEDICAL CENTER,100 NORTH ACADEMY AVENUE,DANVILLE,PA,17822,MONTOUR,(570) 271-6211,01/01/2024,12/31/2024,0.540,0.343,25472,21,38.881,0.812,0.520,0.308,16,30.784,0.826,28533,0.888,0.722,95,157011,106.993,1.081,0.447,0.195,7,170540,15.664,0.884,1.301,0.218,175,2,1.537,4.299,1.789,1.137,435,21,11.737,2.688,66875,14.4,050200,-76.6014114709,40.968387146287
390006,GEISINGER MEDICAL CENTER,100 NORTH ACADEMY AVENUE,DANVILLE,PA,17822,MONTOUR,(570) 271-6211,01/01/2024,12/31/2024,0.540,0.343,25472,21,38.881,0.812,0.520,0.308,16,30.784,0.826,28533,0.888,0.722,95,157011,106.993,1.081,0.447,0.195,7,170540,15.664,0.884,1.301,0.218,175,2,1.537,4.299,1.789,1.137,435,21,11.737,2.688,74896,6.4,050200,-76.6014114709,40.968387146287
390013,WELLSPAN EVANGELICAL COMMUNITY HOSPITAL,ONE HOSPITAL DRIVE,LEWISBURG,PA,17837,UNION,(570) 522-2000,01/01/2024,12/31/2024,0.593,0.030,2444,1,1.687,2.923,Not Available,Not Available,0,0.690,Not Available,980,0.705,0.344,9,24511,12.767,1.294,Not Available,Not Available,0,25737,0.815,Not Available,Not Available,Not Available,3,0,0.024,Not Available,0.917,0.046,43,1,1.090,4.525,55893,10.6,090502,-76.88541824958,40.979958709073
390016,UPMC JAMESON,1211 WILMINGTON AVENUE,NEW CASTLE,PA,16105,LAWRENCE,(724) 656-4100,01/01/2024,12/31/2024,0.846,0.343,8600,6,7.095,1.759,0.949,0.241,3,3.160,2.584,3837,0.794,0.430,12,28698,15.112,1.350,0.889,0.149,2,28698,2.249,2.938,Not Available,Not Available,2,0,0.017,Not Available,1.189,0.302,94,3,2.523,3.236,58558,13.7,000300,-80.350968615582,41.013048141979
390016,UPMC JAMESON,1211 WILMINGTON AVENUE,NEW CASTLE,PA,16105,LAWRENCE,(724) 656-4100,01/01/2024,12/31/2024,0.846,0.343,8600,6,7.095,1.759,0.949,0.241,3,3.160,2.584,3837,0.794,0.430,12,28698,15.112,1.350,0.889,0.149,2,28698,2.249,2.938,Not Available,Not Available,2,0,0.017,Not Available,1.189,0.302,94,3,2.523,3.236,40861,39.0,000300,-80.350968615582,41.013048141979
390016,UPMC JAMESON,1211 WILMINGTON AVENUE,NEW CASTLE,PA,16105,LAWRENCE,(724) 656-4100,01/01/2024,12/31/2024,0.846,0.343,8600,6,7.095,1.759,0.949,0.241,3,3.160,2.584,3837,0.794,0.430,12,28698,15.112,1.350,0.889,0.149,2,28698,2.249,2.938,Not Available,Not Available,2,0,0.017,Not Available,1.189,0.302,94,3,2.523,3.236,36235,30.6,000300,-80.350968615582,41.013048141979
390016,UPMC JAMESON,1211 WILMINGTON AVENUE,NEW CASTLE,PA,16105,LAWRENCE,(724) 656-4100,01/01/2024,12/31/2024,0.846,0.343,8600,6,7.095,1.759,0.949,0.241,3,3.160,2.584,3837,0.794,0.430,12,28698,15.112,1.350,0.889,0.149,2,28698,2.249,2.938,Not Available,Not Available,2,0,0.017,Not Available,1.189,0.302,94,3,2.523,3.236,72976,9.3,000300,-80.350968615582,41.013048141979
390016,UPMC JAMESON,1211 WILMINGTON AVENUE,NEW CASTLE,PA,16105,LAWRENCE,(724) 656-4100,01/01/2024,12/31/2024,0.846,0.343,8600,6,7.095,1.759,0.949,0.241,3,3.160,2.584,3837,0.794,0.430,12,28698,15.112,1.350,0.889,0.149,2,28698,2.249,2.938,Not Available,Not Available,2,0,0.017,Not Available,1.189,0.302,94,3,2.523,3.236,36625,33.9,000300,-80.350968615582,41.013048141979
390016,UPMC JAMESON,1211 WILMINGTON AVENUE,NEW CASTLE,PA,16105,LAWRENCE,(724) 656-4100,01/01/2024,12/31/2024,0.846,0.343,8600,6,7.095,1.759,0.949,0.241,3,3.160,2.584,3837,0.794,0.430,12,28698,15.112,1.350,0.889,0.149,2,28698,2.249,2.938,Not Available,Not Available,2,0,0.017,Not Available,1.189,0.302,94,3,2.523,3.236,40800,25.3,000300,-80.350968615582,41.013048141979
390016,UPMC JAMESON,1211 WILMINGTON AVENUE,NEW CASTLE,PA,16105,LAWRENCE,(724) 656-4100,01/01/2024,12/31/2024,0.846,0.343,8600,6,7.095,1.759,0.949,0.241,3,3.160,2.584,3837,0.794,0.430,12,28698,15.112,1.350,0.889,0.149,2,28698,2.249,2.938,Not Available,Not Available,2,0,0.017,Not Available,1.189,0.302,94,3,2.523,3.236,48719,23.5,000300,-80.350968615582,41.013048141979
390016,UPMC JAMESON,1211 WILMINGTON AVENUE,NEW CASTLE,PA,16105,LAWRENCE,(724) 656-4100,01/01/2024,12/31/2024,0.846,0.343,8600,6,7.095,1.759,0.949,0.241,3,3.160,2.584,3837,0.794,0.430,12,28698,15.112,1.350,0.889,0.149,2,28698,2.249,2.938,Not Available,Not Available,2,0,0.017,Not Available,1.189,0.302,94,3,2.523,3.236,102330,7.0,000300,-80.350968615582,41.013048141979
390016,UPMC JAMESON,1211 WILMINGTON AVENUE,NEW CASTLE,PA,16105,LAWRENCE,(724) 656-4100,01/01/2024,12/31/2024,0.846,0.343,8600,6,7.095,1.759,0.949,0.241,3,3.160,2.584,3837,0.794,0.430,12,28698,15.112,1.350,0.889,0.149,2,28698,2.249,2.938,Not Available,Not Available,2,0,0.017,Not Available,1.189,0.302,94,3,2.523,3.236,66351,12.5,000300,-80.350968615582,41.013048141979
390016,UPMC JAMESON,1211 WILMINGTON AVENUE,NEW CASTLE,PA,16105,LAWRENCE,(724) 656-4100,01/01/2024,12/31/2024,0.846,0.343,8600,6,7.095,1.759,0.949,0.241,3,3.160,2.584,3837,0.794,0.430,12,28698,15.112,1.350,0.889,0.149,2,28698,2.249,2.938,Not Available,Not Available,2,0,0.017,Not Available,1.189,0.302,94,3,2.523,3.236,29106,36.1,000300,-80.350968615582,41.013048141979
39001F,JAMES E. VAN ZANDT VA MEDICAL CENTER (ALTOONA),2907 PLEASANT VALLEY BOULEVARD,ALTOONA,PA,16602,BLAIR,(814) 943-8164,01/01/2024,12/31/2024,Not Available,Not Available,213,0,0.125,Not Available,Not Available,Not Available,0,0.095,Not Available,132,Not Available,Not Available,Not Available,Not Available,Not Available,Not Available,Not Available,Not Available,Not Available,Not Available,Not Available,Not Available,Not Available,Not Available,Not Available,Not Available,Not Available,Not Available,Not Available,Not Available,Not Available,Not Available,Not Available,Not Available,71500,8.0,101200,-78.397676340935,40.490214422974
39001F,JAMES E. VAN ZANDT VA MEDICAL CENTER (ALTOONA),2907 PLEASANT VALLEY BOULEVARD,ALTOONA,PA,16602,BLAIR,(814) 943-8164,01/01/2024,12/31/2024,Not Available,Not Available,213,0,0.125,Not Available,Not Available,Not Available,0,0.095,Not Available,132,Not Available,Not Available,Not Available,Not Available,Not Available,Not Available,Not Available,Not Available,Not Available,Not Available,Not Available,Not Available,Not Available,Not Available,Not Available,Not Available,Not Available,Not Available,Not Available,Not Available,Not Available,Not Available,Not Available,Not Available,49857,21.1,101200,-78.397676340935,40.490214422974
390025,KENSINGTON HOSPITAL,136 W DIAMOND STREET,PHILADELPHIA,PA,19122,PHILADELPHIA,(215) 426-8100,01/01/2024,12/31/2024,Not Available,Not Available,Not Available,Not Available,Not Available,Not Available,Not Available,Not Available,0,0.610,Not Available,1051,Not Available,Not Available,0,2528,0.428,Not Available,Not Available,Not Available,0,2528,0.059,Not Available,Not Available,Not Available,Not Available,Not Available,Not Available,Not Available,Not Available,Not Available,Not Available,Not Available,Not Available,Not Available,74803,4.7,015700,-75.134807346682,39.981823226501
390025,KENSINGTON HOSPITAL,136 W DIAMOND STREET,PHILADELPHIA,PA,19122,PHILADELPHIA,(215) 426-8100,01/01/2024,12/31/2024,Not Available,Not Available,Not Available,Not Available,Not Available,Not Available,Not Available,Not Available,0,0.610,Not Available,1051,Not Available,Not Available,0,2528,0.428,Not Available,Not Available,Not Available,0,2528,0.059,Not Available,Not Available,Not Available,Not Available,Not Available,Not Available,Not Available,Not Available,Not Available,Not Available,Not Available,Not Available,Not Available,88125,14.6,015700,-75.134807346682,39.981823226501
390026,TEMPLE HEALTH - CHESTNUT HILL HOSPITAL,8835 GERMANTOWN AVENUE,PHILADELPHIA,PA,19118,PHILADELPHIA,(215) 248-8200,01/01/2024,12/31/2024,1.514,0.555,3836,5,3.303,3.355,1.410,0.359,3,2.127,3.839,2612,0.588,0.273,8,35109,13.609,1.116,0.528,0.026,1,35109,1.893,2.605,Not Available,Not Available,68,2,0.515,Not Available,0.792,0.040,50,1,1.263,3.905,124792,9.8,038700,-75.212073348457,40.078604289141
390027,TEMPLE UNIVERSITY HOSPITAL,3401 NORTH BROAD STREET,PHILADELPHIA,PA,19140,PHILADELPHIA,(215) 707-2000,01/01/2024,12/31/2024,0.495,0.302,21654,18,36.381,0.767,0.641,0.424,25,39.030,0.932,34614,0.368,0.261,35,199067,95.023,0.507,0.852,0.513,17,208010,19.956,1.336,0.689,0.034,150,1,1.452,3.397,0.383,0.097,246,3,7.839,1.042,18510,39.1,020000,-75.152148902046,40.004733288938
390036,HERITAGE VALLEY BEAVER,1000 DUTCH RIDGE ROAD,BEAVER,PA,15009,BEAVER,(412) 728-7000,01/01/2024,12/31/2024,0.565,0.144,5445,3,5.309,1.538,1.142,0.191,2,1.752,3.772,1804,0.765,0.468,18,34892,23.531,1.186,1.305,0.219,2,36289,1.532,4.313,Not Available,Not Available,11,0,0.103,Not Available,1.614,0.513,98,4,2.478,3.894,130101,9.5,602602,-80.324391300835,40.710400822182
390037,HERITAGE VALLEY SEWICKLEY,720 BLACKBURN ROAD,SEWICKLEY,PA,15143,ALLEGHENY,(412) 741-6600,01/01/2024,12/31/2024,0.451,0.023,3201,1,2.217,2.225,Not Available,Not Available,2,0.548,Not Available,768,1.316,0.765,15,20708,11.398,2.122,Not Available,Not Available,3,20708,0.747,Not Available,Not Available,Not Available,Not Available,Not Available,Not Available,Not Available,1.907,0.320,40,2,1.049,6.299,94828,7.0,445500,-80.17889655344,40.543368455219
390039,UPMC SOMERSET,225 SOUTH CENTER AVENUE,SOMERSET,PA,15501,SOMERSET,(814) 443-5000,01/01/2024,12/31/2024,Not Available,Not Available,1468,0,0.862,Not Available,Not Available,Not Available,0,0.274,Not Available,391,0.533,0.089,2,7756,3.750,1.762,Not Available,Not Available,0,7756,0.262,Not Available,Not Available,Not Available,6,0,0.056,Not Available,0.511,0.026,73,1,1.958,2.519,33750,53.2,021100,-79.078548196192,40.00726005883
390039,UPMC SOMERSET,225 SOUTH CENTER AVENUE,SOMERSET,PA,15501,SOMERSET,(814) 443-5000,01/01/2024,12/31/2024,Not Available,Not Available,1468,0,0.862,Not Available,Not Available,Not Available,0,0.274,Not Available,391,0.533,0.089,2,7756,3.750,1.762,Not Available,Not Available,0,7756,0.262,Not Available,Not Available,Not Available,6,0,0.056,Not Available,0.511,0.026,73,1,1.958,2.519,92610,8.6,021100,-79.078548196192,40.00726005883
390039,UPMC SOMERSET,225 SOUTH CENTER AVENUE,SOMERSET,PA,15501,SOMERSET,(814) 443-5000,01/01/2024,12/31/2024,Not Available,Not Available,1468,0,0.862,Not Available,Not Available,Not Available,0,0.274,Not Available,391,0.533,0.089,2,7756,3.750,1.762,Not Available,Not Available,0,7756,0.262,Not Available,Not Available,Not Available,6,0,0.056,Not Available,0.511,0.026,73,1,1.958,2.519,26053,34.8,021100,-79.078548196192,40.00726005883
390039,UPMC SOMERSET,225 SOUTH CENTER AVENUE,SOMERSET,PA,15501,SOMERSET,(814) 443-5000,01/01/2024,12/31/2024,Not Available,Not Available,1468,0,0.862,Not Available,Not Available,Not Available,0,0.274,Not Available,391,0.533,0.089,2,7756,3.750,1.762,Not Available,Not Available,0,7756,0.262,Not Available,Not Available,Not Available,6,0,0.056,Not Available,0.511,0.026,73,1,1.958,2.519,77243,9.3,021100,-79.078548196192,40.00726005883
390044,READING HOSPITAL,420 S 5TH AVENUE,WEST READING,PA,19611,BERKS,(610) 988-8000,01/01/2024,12/31/2024,0.853,0.496,12768,15,17.578,1.376,0.579,0.294,10,17.259,1.033,16587,0.395,0.279,35,171043,88.687,0.543,0.487,0.178,5,182888,10.271,1.079,1.551,0.395,233,3,1.934,4.222,2.135,1.285,280,17,7.961,3.350,61974,17.9,011200,-75.948256628402,40.330455953383
390044,READING HOSPITAL,420 S 5TH AVENUE,WEST READING,PA,19611,BERKS,(610) 988-8000,01/01/2024,12/31/2024,0.853,0.496,12768,15,17.578,1.376,0.579,0.294,10,17.259,1.033,16587,0.395,0.279,35,171043,88.687,0.543,0.487,0.178,5,182888,10.271,1.079,1.551,0.395,233,3,1.934,4.222,2.135,1.285,280,17,7.961,3.350,74833,8.4,011200,-75.948256628402,40.330455953383
390044,READING HOSPITAL,420 S 5TH AVENUE,WEST READING,PA,19611,BERKS,(610) 988-8000,01/01/2024,12/31/2024,0.853,0.496,12768,15,17.578,1.376,0.579,0.294,10,17.259,1.033,16587,0.395,0.279,35,171043,88.687,0.543,0.487,0.178,5,182888,10.271,1.079,1.551,0.395,233,3,1.934,4.222,2.135,1.285,280,17,7.961,3.350,69505,9.6,011200,-75.948256628402,40.330455953383
390044,READING HOSPITAL,420 S 5TH AVENUE,WEST READING,PA,19611,BERKS,(610) 988-8000,01/01/2024,12/31/2024,0.853,0.496,12768,15,17.578,1.376,0.579,0.294,10,17.259,1.033,16587,0.395,0.279,35,171043,88.687,0.543,0.487,0.178,5,182888,10.271,1.079,1.551,0.395,233,3,1.934,4.222,2.135,1.285,280,17,7.961,3.350,55543,19.4,011200,-75.948256628402,40.330455953383
390044,READING HOSPITAL,420 S 5TH AVENUE,WEST READING,PA,19611,BERKS,(610) 988-8000,01/01/2024,12/31/2024,0.853,0.496,12768,15,17.578,1.376,0.579,0.294,10,17.259,1.033,16587,0.395,0.279,35,171043,88.687,0.543,0.487,0.178,5,182888,10.271,1.079,1.551,0.395,233,3,1.934,4.222,2.135,1.285,280,17,7.961,3.350,47750,27.0,011200,-75.948256628402,40.330455953383
390044,READING HOSPITAL,420 S 5TH AVENUE,WEST READING,PA,19611,BERKS,(610) 988-8000,01/01/2024,12/31/2024,0.853,0.496,12768,15,17.578,1.376,0.579,0.294,10,17.259,1.033,16587,0.395,0.279,35,171043,88.687,0.543,0.487,0.178,5,182888,10.271,1.079,1.551,0.395,233,3,1.934,4.222,2.135,1.285,280,17,7.961,3.350,71250,5.5,011200,-75.948256628402,40.330455953383
390044,READING HOSPITAL,420 S 5TH AVENUE,WEST READING,PA,19611,BERKS,(610) 988-8000,01/01/2024,12/31/2024,0.853,0.496,12768,15,17.578,1.376,0.579,0.294,10,17.259,1.033,16587,0.395,0.279,35,171043,88.687,0.543,0.487,0.178,5,182888,10.271,1.079,1.551,0.395,233,3,1.934,4.222,2.135,1.285,280,17,7.961,3.350,75625,1.8,011200,-75.948256628402,40.330455953383
390044,READING HOSPITAL,420 S 5TH AVENUE,WEST READING,PA,19611,BERKS,(610) 988-8000,01/01/2024,12/31/2024,0.853,0.496,12768,15,17.578,1.376,0.579,0.294,10,17.259,1.033,16587,0.395,0.279,35,171043,88.687,0.543,0.487,0.178,5,182888,10.271,1.079,1.551,0.395,233,3,1.934,4.222,2.135,1.285,280,17,7.961,3.350,46165,14.0,011200,-75.948256628402,40.330455953383
390044,READING HOSPITAL,420 S 5TH AVENUE,WEST READING,PA,19611,BERKS,(610) 988-8000,01/01/2024,12/31/2024,0.853,0.496,12768,15,17.578,1.376,0.579,0.294,10,17.259,1.033,16587,0.395,0.279,35,171043,88.687,0.543,0.487,0.178,5,182888,10.271,1.079,1.551,0.395,233,3,1.934,4.222,2.135,1.285,280,17,7.961,3.350,28958,43.0,011200,-75.948256628402,40.330455953383
390046,WELLSPAN YORK HOSPITAL,1001 SOUTH GEORGE STREET,YORK,PA,17403,YORK,(717) 851-2345,01/01/2024,12/31/2024,0.704,0.424,16090,17,24.160,1.104,0.586,0.340,15,25.606,0.945,23263,0.326,0.216,25,159471,76.648,0.474,0.466,0.171,5,174291,10.734,1.032,1.517,0.386,238,3,1.978,4.128,1.296,0.702,354,12,9.256,2.204,57672,12.0,000800,-76.720372343425,39.946642407363
390046,WELLSPAN YORK HOSPITAL,1001 SOUTH GEORGE STREET,YORK,PA,17403,YORK,(717) 851-2345,01/01/2024,12/31/2024,0.704,0.424,16090,17,24.160,1.104,0.586,0.340,15,25.606,0.945,23263,0.326,0.216,25,159471,76.648,0.474,0.466,0.171,5,174291,10.734,1.032,1.517,0.386,238,3,1.978,4.128,1.296,0.702,354,12,9.256,2.204,27917,35.6,000800,-76.720372343425,39.946642407363
390046,WELLSPAN YORK HOSPITAL,1001 SOUTH GEORGE STREET,YORK,PA,17403,YORK,(717) 851-2345,01/01/2024,12/31/2024,0.704,0.424,16090,17,24.160,1.104,0.586,0.340,15,25.606,0.945,23263,0.326,0.216,25,159471,76.648,0.474,0.466,0.171,5,174291,10.734,1.032,1.517,0.386,238,3,1.978,4.128,1.296,0.702,354,12,9.256,2.204,44333,38.9,000800,-76.720372343425,39.946642407363
390046,WELLSPAN YORK HOSPITAL,1001 SOUTH GEORGE STREET,YORK,PA,17403,YORK,(717) 851-2345,01/01/2024,12/31/2024,0.704,0.424,16090,17,24.160,1.104,0.586,0.340,15,25.606,0.945,23263,0.326,0.216,25,159471,76.648,0.474,0.466,0.171,5,174291,10.734,1.032,1.517,0.386,238,3,1.978,4.128,1.296,0.702,354,12,9.256,2.204,52396,16.2,000800,-76.720372343425,39.946642407363
390046,WELLSPAN YORK HOSPITAL,1001 SOUTH GEORGE STREET,YORK,PA,17403,YORK,(717) 851-2345,01/01/2024,12/31/2024,0.704,0.424,16090,17,24.160,1.104,0.586,0.340,15,25.606,0.945,23263,0.326,0.216,25,159471,76.648,0.474,0.466,0.171,5,174291,10.734,1.032,1.517,0.386,238,3,1.978,4.128,1.296,0.702,354,12,9.256,2.204,31774,54.9,000800,-76.720372343425,39.946642407363
390046,WELLSPAN YORK HOSPITAL,1001 SOUTH GEORGE STREET,YORK,PA,17403,YORK,(717) 851-2345,01/01/2024,12/31/2024,0.704,0.424,16090,17,24.160,1.104,0.586,0.340,15,25.606,0.945,23263,0.326,0.216,25,159471,76.648,0.474,0.466,0.171,5,174291,10.734,1.032,1.517,0.386,238,3,1.978,4.128,1.296,0.702,354,12,9.256,2.204,37125,51.7,000800,-76.720372343425,39.946642407363
390046,WELLSPAN YORK HOSPITAL,1001 SOUTH GEORGE STREET,YORK,PA,17403,YORK,(717) 851-2345,01/01/2024,12/31/2024,0.704,0.424,16090,17,24.160,1.104,0.586,0.340,15,25.606,0.945,23263,0.326,0.216,25,159471,76.648,0.474,0.466,0.171,5,174291,10.734,1.032,1.517,0.386,238,3,1.978,4.128,1.296,0.702,354,12,9.256,2.204,56394,17.2,000800,-76.720372343425,39.946642407363
390046,WELLSPAN YORK HOSPITAL,1001 SOUTH GEORGE STREET,YORK,PA,17403,YORK,(717) 851-2345,01/01/2024,12/31/2024,0.704,0.424,16090,17,24.160,1.104,0.586,0.340,15,25.606,0.945,23263,0.326,0.216,25,159471,76.648,0.474,0.466,0.171,5,174291,10.734,1.032,1.517,0.386,238,3,1.978,4.128,1.296,0.702,354,12,9.256,2.204,71250,9.5,000800,-76.720372343425,39.946642407363
390049,ST LUKE'S HOSPITAL BETHLEHEM,801 OSTRUM STREET,BETHLEHEM,PA,18015,NORTHAMPTON,(484) 526-4000,01/01/2024,12/31/2024,0.233,0.085,15770,5,21.487,0.516,0.319,0.129,6,18.831,0.663,18179,0.232,0.135,15,159919,64.630,0.374,0.327,0.104,4,164433,12.235,0.789,0.569,0.028,205,1,1.757,2.807,0.949,0.482,396,10,10.533,1.692,54615,16.3,006800,-75.392132952146,40.609212407067
39004F,COATESVILLE VA MEDICAL CENTER,1400 BLACK HORSE HILL ROAD,COATESVILLE,PA,19320,CHESTER,(610) 384-7711,01/01/2024,12/31/2024,Not Available,Not Available,Not Available,Not Available,Not Available,Not Available,Not Available,Not Available,Not Available,Not Available,Not Available,Not Available,Not Available,Not Available,Not Available,Not Available,Not Available,Not Available,Not Available,Not Available,Not Available,Not Available,Not Available,Not Available,Not Available,Not Available,Not Available,Not Available,Not Available,Not Available,Not Available,Not Available,Not Available,Not Available,Not Available,Not Available,97156,7.7,311401,-75.800499339669,39.998614836898
390050,ALLEGHENY GENERAL HOSPITAL,320 EAST NORTH AVENUE,PITTSBURGH,PA,15212,ALLEGHENY,(412) 359-3131,01/01/2024,12/31/2024,0.392,0.232,22427,16,40.782,0.624,0.513,0.292,14,27.300,0.840,24125,0.382,0.255,26,141848,68.023,0.552,0.712,0.375,11,141848,15.439,1.238,Not Available,Not Available,11,0,0.057,Not Available,1.173,0.636,373,12,10.230,1.994,65328,28.0,565100,-80.003422684241,40.456122370127
390056,PENN HIGHLANDS HUNTINGDON,1225 WARM SPRINGS AVE,HUNTINGDON,PA,16652,HUNTINGDON,(814) 643-2290,01/01/2024,12/31/2024,Not Available,Not Available,1143,0,0.580,Not Available,Not Available,Not Available,0,0.140,Not Available,232,0.972,0.247,3,10578,3.086,2.646,Not Available,Not Available,0,10578,0.539,Not Available,Not Available,Not Available,Not Available,Not Available,Not Available,Not Available,Not Available,Not Available,2,0,0.044,Not Available,67763,8.7,950400,-78.013312508445,40.494672707681
390056,PENN HIGHLANDS HUNTINGDON,1225 WARM SPRINGS AVE,HUNTINGDON,PA,16652,HUNTINGDON,(814) 643-2290,01/01/2024,12/31/2024,Not Available,Not Available,1143,0,0.580,Not Available,Not Available,Not Available,0,0.140,Not Available,232,0.972,0.247,3,10578,3.086,2.646,Not Available,Not Available,0,10578,0.539,Not Available,Not Available,Not Available,Not Available,Not Available,Not Available,Not Available,Not Available,Not Available,2,0,0.044,Not Available,49588,15.6,950400,-78.013312508445,40.494672707681
390056,PENN HIGHLANDS HUNTINGDON,1225 WARM SPRINGS AVE,HUNTINGDON,PA,16652,HUNTINGDON,(814) 643-2290,01/01/2024,12/31/2024,Not Available,Not Available,1143,0,0.580,Not Available,Not Available,Not Available,0,0.140,Not Available,232,0.972,0.247,3,10578,3.086,2.646,Not Available,Not Available,0,10578,0.539,Not Available,Not Available,Not Available,Not Available,Not Available,Not Available,Not Available,Not Available,Not Available,2,0,0.044,Not Available,52059,14.8,950400,-78.013312508445,40.494672707681
390056,PENN HIGHLANDS HUNTINGDON,1225 WARM SPRINGS AVE,HUNTINGDON,PA,16652,HUNTINGDON,(814) 643-2290,01/01/2024,12/31/2024,Not Available,Not Available,1143,0,0.580,Not Available,Not Available,Not Available,0,0.140,Not Available,232,0.972,0.247,3,10578,3.086,2.646,Not Available,Not Available,0,10578,0.539,Not Available,Not Available,Not Available,Not Available,Not Available,Not Available,Not Available,Not Available,Not Available,2,0,0.044,Not Available,66429,11.7,950400,-78.013312508445,40.494672707681
390056,PENN HIGHLANDS HUNTINGDON,1225 WARM SPRINGS AVE,HUNTINGDON,PA,16652,HUNTINGDON,(814) 643-2290,01/01/2024,12/31/2024,Not Available,Not Available,1143,0,0.580,Not Available,Not Available,Not Available,0,0.140,Not Available,232,0.972,0.247,3,10578,3.086,2.646,Not Available,Not Available,0,10578,0.539,Not Available,Not Available,Not Available,Not Available,Not Available,Not Available,Not Available,Not Available,Not Available,2,0,0.044,Not Available,60677,9.6,950400,-78.013312508445,40.494672707681
390056,PENN HIGHLANDS HUNTINGDON,1225 WARM SPRINGS AVE,HUNTINGDON,PA,16652,HUNTINGDON,(814) 643-2290,01/01/2024,12/31/2024,Not Available,Not Available,1143,0,0.580,Not Available,Not Available,Not Available,0,0.140,Not Available,232,0.972,0.247,3,10578,3.086,2.646,Not Available,Not Available,0,10578,0.539,Not Available,Not Available,Not Available,Not Available,Not Available,Not Available,Not Available,Not Available,Not Available,2,0,0.044,Not Available,58625,10.7,950400,-78.013312508445,40.494672707681
39005F,ERIE VA MEDICAL CENTER,135 EAST 38TH STREET,ERIE,PA,16504,ERIE,(814) 860-2576,01/01/2024,12/31/2024,Not Available,Not Available,7,0,0.005,Not Available,Not Available,Not Available,Not Available,Not Available,Not Available,Not Available,Not Available,Not Available,Not Available,Not Available,Not Available,Not Available,Not Available,Not Available,Not Available,Not Available,Not Available,Not Available,Not Available,Not Available,Not Available,Not Available,Not Available,Not Available,Not Available,Not Available,Not Available,Not Available,Not Available,Not Available,56016,16.7,002900,-80.064826902181,42.10291283873
39005F,ERIE VA MEDICAL CENTER,135 EAST 38TH STREET,ERIE,PA,16504,ERIE,(814) 860-2576,01/01/2024,12/31/2024,Not Available,Not Available,7,0,0.005,Not Available,Not Available,Not Available,Not Available,Not Available,Not Available,Not Available,Not Available,Not Available,Not Available,Not Available,Not Available,Not Available,Not Available,Not Available,Not Available,Not Available,Not Available,Not Available,Not Available,Not Available,Not Available,Not Available,Not Available,Not Available,Not Available,Not Available,Not Available,Not Available,Not Available,Not Available,95395,3.6,002900,-80.064826902181,42.10291283873
39005F,ERIE VA MEDICAL CENTER,135 EAST 38TH STREET,ERIE,PA,16504,ERIE,(814) 860-2576,01/01/2024,12/31/2024,Not Available,Not Available,7,0,0.005,Not Available,Not Available,Not Available,Not Available,Not Available,Not Available,Not Available,Not Available,Not Available,Not Available,Not Available,Not Available,Not Available,Not Available,Not Available,Not Available,Not Available,Not Available,Not Available,Not Available,Not Available,Not Available,Not Available,Not Available,Not Available,Not Available,Not Available,Not Available,Not Available,Not Available,Not Available,53218,7.9,002900,-80.064826902181,42.10291283873
39005F,ERIE VA MEDICAL CENTER,135 EAST 38TH STREET,ERIE,PA,16504,ERIE,(814) 860-2576,01/01/2024,12/31/2024,Not Available,Not Available,7,0,0.005,Not Available,Not Available,Not Available,Not Available,Not Available,Not Available,Not Available,Not Available,Not Available,Not Available,Not Available,Not Available,Not Available,Not Available,Not Available,Not Available,Not Available,Not Available,Not Available,Not Available,Not Available,Not Available,Not Available,Not Available,Not Available,Not Available,Not Available,Not Available,Not Available,Not Available,Not Available,104981,11.1,002900,-80.064826902181,42.10291283873
39005F,ERIE VA MEDICAL CENTER,135 EAST 38TH STREET,ERIE,PA,16504,ERIE,(814) 860-2576,01/01/2024,12/31/2024,Not Available,Not Available,7,0,0.005,Not Available,Not Available,Not Available,Not Available,Not Available,Not Available,Not Available,Not Available,Not Available,Not Available,Not Available,Not Available,Not Available,Not Available,Not Available,Not Available,Not Available,Not Available,Not Available,Not Available,Not Available,Not Available,Not Available,Not Available,Not Available,Not Available,Not Available,Not Available,Not Available,Not Available,Not Available,70063,4.8,002900,-80.064826902181,42.10291283873
390067,UPMC PINNACLE HOSPITALS,409 SOUTH SECOND STREET,HARRISBURG,PA,17104,DAUPHIN,(717) 782-3131,01/01/2024,12/31/2024,0.806,0.554,32921,30,37.203,1.137,0.349,0.183,11,31.524,0.607,32022,0.856,0.684,81,161753,94.662,1.058,0.310,0.079,3,178142,9.672,0.844,1.142,0.191,200,2,1.752,3.772,0.502,0.203,461,6,11.958,1.044,59554,16.8,023400,-76.832035939925,40.229938051879
390067,UPMC PINNACLE HOSPITALS,409 SOUTH SECOND STREET,HARRISBURG,PA,17104,DAUPHIN,(717) 782-3131,01/01/2024,12/31/2024,0.806,0.554,32921,30,37.203,1.137,0.349,0.183,11,31.524,0.607,32022,0.856,0.684,81,161753,94.662,1.058,0.310,0.079,3,178142,9.672,0.844,1.142,0.191,200,2,1.752,3.772,0.502,0.203,461,6,11.958,1.044,83115,11.3,023400,-76.832035939925,40.229938051879
39006F,LEBANON VA MEDICAL CENTER,1700 SOUTH LINCOLN AVENUE,LEBANON,PA,17042,LEBANON,(717) 228-5901,01/01/2024,12/31/2024,Not Available,Not Available,1031,1,0.605,Not Available,Not Available,Not Available,0,0.296,Not Available,356,Not Available,Not Available,Not Available,Not Available,Not Available,Not Available,Not Available,Not Available,Not Available,Not Available,Not Available,Not Available,Not Available,Not Available,Not Available,Not Available,Not Available,Not Available,Not Available,Not Available,Not Available,Not Available,Not Available,Not Available,79461,12.9,003400,-76.407361855914,40.313112950875
39006F,LEBANON VA MEDICAL CENTER,1700 SOUTH LINCOLN AVENUE,LEBANON,PA,17042,LEBANON,(717) 228-5901,01/01/2024,12/31/2024,Not Available,Not Available,1031,1,0.605,Not Available,Not Available,Not Available,0,0.296,Not Available,356,Not Available,Not Available,Not Available,Not Available,Not Available,Not Available,Not Available,Not Available,Not Available,Not Available,Not Available,Not Available,Not Available,Not Available,Not Available,Not Available,Not Available,Not Available,Not Available,Not Available,Not Available,Not Available,Not Available,Not Available,83571,6.8,003400,-76.407361855914,40.313112950875
390070,LOWER BUCKS HOSPITAL,501 BATH ROAD,BRISTOL,PA,19007,BUCKS,(215) 785-9200,01/01/2024,12/31/2024,Not Available,Not Available,999,0,0.765,Not Available,Not Available,Not Available,0,0.504,Not Available,643,0.199,0.010,1,9212,5.034,0.980,Not Available,Not Available,0,9212,0.426,Not Available,Not Available,Not Available,Not Available,Not Available,Not Available,Not Available,Not Available,Not Available,Not Available,Not Available,Not Available,Not Available,68906,20.1,100303,-74.864827570433,40.104491010563
390073,UPMC ALTOONA,620 HOWARD AVENUE,ALTOONA,PA,16601,BLAIR,(814) 889-2011,01/01/2024,12/31/2024,0.343,0.139,11602,6,17.513,0.713,0.199,0.033,2,10.038,0.658,9426,0.836,0.615,44,76847,52.614,1.113,0.376,0.063,2,79463,5.326,1.241,Not Available,Not Available,35,0,0.302,Not Available,0.192,0.010,187,1,5.220,0.945,31848,32.4,100700,-78.397987516844,40.521436956959
390073,UPMC ALTOONA,620 HOWARD AVENUE,ALTOONA,PA,16601,BLAIR,(814) 889-2011,01/01/2024,12/31/2024,0.343,0.139,11602,6,17.513,0.713,0.199,0.033,2,10.038,0.658,9426,0.836,0.615,44,76847,52.614,1.113,0.376,0.063,2,79463,5.326,1.241,Not Available,Not Available,35,0,0.302,Not Available,0.192,0.010,187,1,5.220,0.945,66595,7.7,100700,-78.397987516844,40.521436956959
390086,PENN HIGHLANDS DUBOIS,100 HOSPITAL AVENUE,DUBOIS,PA,15801,CLEARFIELD,(814) 371-2200,01/01/2024,12/31/2024,0.925,0.451,9706,9,9.731,1.697,1.208,0.528,7,5.797,2.389,6270,0.059,0.003,1,46757,17.021,0.290,0.364,0.018,1,50221,2.751,1.793,Not Available,Not Available,5,0,0.029,Not Available,1.114,0.354,131,4,3.592,2.686,60219,9.7,330200,-78.774886763278,41.113908579055
390090,WEST PENN HOSPITAL,4800 FRIENDSHIP AVENUE,PITTSBURGH,PA,15224,ALLEGHENY,(412) 578-5000,01/01/2024,12/31/2024,0.586,0.186,4430,4,6.831,1.412,0.827,0.362,7,8.461,1.637,7650,0.644,0.388,17,56839,26.382,1.011,0.468,0.119,3,77768,6.409,1.274,0.377,0.063,633,2,5.308,1.245,1.753,1.019,329,15,8.557,2.826,62857,13.7,080900,-79.946781304796,40.462389973249
390090,WEST PENN HOSPITAL,4800 FRIENDSHIP AVENUE,PITTSBURGH,PA,15224,ALLEGHENY,(412) 578-5000,01/01/2024,12/31/2024,0.586,0.186,4430,4,6.831,1.412,0.827,0.362,7,8.461,1.637,7650,0.644,0.388,17,56839,26.382,1.011,0.468,0.119,3,77768,6.409,1.274,0.377,0.063,633,2,5.308,1.245,1.753,1.019,329,15,8.557,2.826,67759,12.2,080900,-79.946781304796,40.462389973249
390100,LANCASTER GENERAL HOSPITAL,555 NORTH DUKE STREET,LANCASTER,PA,17602,LANCASTER,(717) 544-5511,01/01/2024,12/31/2024,0.752,0.460,17708,18,23.937,1.165,0.322,0.150,8,24.824,0.612,23384,0.251,0.156,19,151227,75.623,0.385,0.231,0.039,2,164375,8.674,0.762,0.702,0.179,483,3,4.275,1.910,1.300,0.740,404,14,10.767,2.130,55875,23.4,000400,-76.305298062033,40.04712170929
390100,LANCASTER GENERAL HOSPITAL,555 NORTH DUKE STREET,LANCASTER,PA,17602,LANCASTER,(717) 544-5511,01/01/2024,12/31/2024,0.752,0.460,17708,18,23.937,1.165,0.322,0.150,8,24.824,0.612,23384,0.251,0.156,19,151227,75.623,0.385,0.231,0.039,2,164375,8.674,0.762,0.702,0.179,483,3,4.275,1.910,1.300,0.740,404,14,10.767,2.130,38750,29.5,000400,-76.305298062033,40.04712170929
390100,LANCASTER GENERAL HOSPITAL,555 NORTH DUKE STREET,LANCASTER,PA,17602,LANCASTER,(717) 544-5511,01/01/2024,12/31/2024,0.752,0.460,17708,18,23.937,1.165,0.322,0.150,8,24.824,0.612,23384,0.251,0.156,19,151227,75.623,0.385,0.231,0.039,2,164375,8.674,0.762,0.702,0.179,483,3,4.275,1.910,1.300,0.740,404,14,10.767,2.130,50574,23.4,000400,-76.305298062033,40.04712170929
390100,LANCASTER GENERAL HOSPITAL,555 NORTH DUKE STREET,LANCASTER,PA,17602,LANCASTER,(717) 544-5511,01/01/2024,12/31/2024,0.752,0.460,17708,18,23.937,1.165,0.322,0.150,8,24.824,0.612,23384,0.251,0.156,19,151227,75.623,0.385,0.231,0.039,2,164375,8.674,0.762,0.702,0.179,483,3,4.275,1.910,1.300,0.740,404,14,10.767,2.130,17474,53.1,000400,-76.305298062033,40.04712170929
390100,LANCASTER GENERAL HOSPITAL,555 NORTH DUKE STREET,LANCASTER,PA,17602,LANCASTER,(717) 544-5511,01/01/2024,12/31/2024,0.752,0.460,17708,18,23.937,1.165,0.322,0.150,8,24.824,0.612,23384,0.251,0.156,19,151227,75.623,0.385,0.231,0.039,2,164375,8.674,0.762,0.702,0.179,483,3,4.275,1.910,1.300,0.740,404,14,10.767,2.130,45571,21.0,000400,-76.305298062033,40.04712170929
390100,LANCASTER GENERAL HOSPITAL,555 NORTH DUKE STREET,LANCASTER,PA,17602,LANCASTER,(717) 544-5511,01/01/2024,12/31/2024,0.752,0.460,17708,18,23.937,1.165,0.322,0.150,8,24.824,0.612,23384,0.251,0.156,19,151227,75.623,0.385,0.231,0.039,2,164375,8.674,0.762,0.702,0.179,483,3,4.275,1.910,1.300,0.740,404,14,10.767,2.130,24322,42.4,000400,-76.305298062033,40.04712170929
390100,LANCASTER GENERAL HOSPITAL,555 NORTH DUKE STREET,LANCASTER,PA,17602,LANCASTER,(717) 544-5511,01/01/2024,12/31/2024,0.752,0.460,17708,18,23.937,1.165,0.322,0.150,8,24.824,0.612,23384,0.251,0.156,19,151227,75.623,0.385,0.231,0.039,2,164375,8.674,0.762,0.702,0.179,483,3,4.275,1.910,1.300,0.740,404,14,10.767,2.130,71087,9.8,000400,-76.305298062033,40.04712170929
390100,LANCASTER GENERAL HOSPITAL,555 NORTH DUKE STREET,LANCASTER,PA,17602,LANCASTER,(717) 544-5511,01/01/2024,12/31/2024,0.752,0.460,17708,18,23.937,1.165,0.322,0.150,8,24.824,0.612,23384,0.251,0.156,19,151227,75.623,0.385,0.231,0.039,2,164375,8.674,0.762,0.702,0.179,483,3,4.275,1.910,1.300,0.740,404,14,10.767,2.130,43750,28.2,000400,-76.305298062033,40.04712170929
390102,UPMC ST MARGARET,815 FREEPORT ROAD,PITTSBURGH,PA,15215,ALLEGHENY,(412) 784-4000,01/01/2024,12/31/2024,1.144,0.531,6790,8,6.995,2.172,1.094,0.401,5,4.571,2.425,5200,0.673,0.383,14,39958,20.805,1.102,0.363,0.018,1,39958,2.754,1.791,Not Available,Not Available,1,0,0.006,Not Available,0.210,0.010,174,1,4.769,1.034,137292,3.8,421100,-79.853655435567,40.498923778121
390102,UPMC ST MARGARET,815 FREEPORT ROAD,PITTSBURGH,PA,15215,ALLEGHENY,(412) 784-4000,01/01/2024,12/31/2024,1.144,0.531,6790,8,6.995,2.172,1.094,0.401,5,4.571,2.425,5200,0.673,0.383,14,39958,20.805,1.102,0.363,0.018,1,39958,2.754,1.791,Not Available,Not Available,1,0,0.006,Not Available,0.210,0.010,174,1,4.769,1.034,52468,7.9,421100,-79.853655435567,40.498923778121
390107,UPMC PASSAVANT,9100 BABCOCK BOULEVARD,PITTSBURGH,PA,15237,ALLEGHENY,(412) 367-6700,01/01/2024,12/31/2024,0.501,0.255,16073,10,19.951,0.893,0.482,0.211,7,14.536,0.953,14112,0.610,0.429,34,83308,55.742,0.843,1.240,0.576,8,83308,6.450,2.355,Not Available,Not Available,107,1,0.849,Not Available,0.645,0.282,419,7,10.857,1.275,79312,6.5,413500,-80.016357076523,40.57447987552
390114,MAGEE WOMENS HOSPITAL OF UPMC HEALTH SYSTEM,300 HALKET STREET,PITTSBURGH,PA,15213,ALLEGHENY,(412) 641-4010,01/01/2024,12/31/2024,0.530,0.089,4705,2,3.775,1.750,0.641,0.280,7,10.924,1.268,8894,0.982,0.644,24,61478,24.432,1.439,0.521,0.087,2,102244,3.839,1.721,1.119,0.356,409,4,3.575,2.699,1.758,0.713,128,6,3.412,3.658,28444,55.5,040900,-79.960326268979,40.437640816847
390127,PHOENIXVILLE HOSPITAL,140 NUTT ROAD,PHOENIXVILLE,PA,19460,CHESTER,(610) 983-1000,01/01/2024,12/31/2024,2.040,0.648,2467,4,1.961,4.920,1.808,0.460,3,1.659,4.921,2033,0.529,0.231,7,29925,13.229,1.047,0.510,0.026,1,32911,1.961,2.515,Not Available,Not Available,91,0,0.713,Not Available,1.184,0.199,66,2,1.689,3.912,110184,4.7,300900,-75.513937272481,40.123964601779
390133,LEHIGH VALLEY HOSPITAL,1200 SOUTH CEDAR CREST BOULEVARD,ALLENTOWN,PA,18103,LEHIGH,(610) 402-8000,01/01/2024,12/31/2024,0.437,0.286,34532,24,54.938,0.640,0.585,0.367,20,34.180,0.888,29435,0.346,0.257,47,278165,136.010,0.456,0.897,0.511,14,299561,15.601,1.470,1.141,0.290,299,3,2.629,3.106,0.362,0.147,612,6,16.554,0.754,135729,6.7,006703,-75.518737274381,40.567147550681
390137,WILKES-BARRE GENERAL HOSPITAL,575 NORTH RIVER STREET,WILKES-BARRE,PA,18764,LUZERNE,(570) 829-8111,01/01/2024,12/31/2024,0.131,0.007,5538,1,7.635,0.646,0.237,0.012,1,4.226,1.167,4016,0.318,0.117,5,32988,15.705,0.706,0.381,0.019,1,34596,2.623,1.880,Not Available,Not Available,19,0,0.154,Not Available,0.507,0.085,149,2,3.946,1.675,51435,23.2,201200,-75.868268907992,41.257847256368
390137,WILKES-BARRE GENERAL HOSPITAL,575 NORTH RIVER STREET,WILKES-BARRE,PA,18764,LUZERNE,(570) 829-8111,01/01/2024,12/31/2024,0.131,0.007,5538,1,7.635,0.646,0.237,0.012,1,4.226,1.167,4016,0.318,0.117,5,32988,15.705,0.706,0.381,0.019,1,34596,2.623,1.880,Not Available,Not Available,19,0,0.154,Not Available,0.507,0.085,149,2,3.946,1.675,59929,7.1,201200,-75.868268907992,41.257847256368
390138,WELLSPAN WAYNESBORO HOSPITAL,501 EAST MAIN ST,WAYNESBORO,PA,17268,FRANKLIN,(717) 765-4000,01/01/2024,12/31/2024,Not Available,Not Available,469,1,0.262,Not Available,Not Available,Not Available,1,0.341,Not Available,507,0.755,0.192,3,10044,3.976,2.054,Not Available,Not Available,1,10044,0.372,Not Available,Not Available,Not Available,Not Available,Not Available,Not Available,Not Available,Not Available,Not Available,Not Available,Not Available,Not Available,Not Available,70701,7.8,012300,-77.569763939426,39.75160567785
390138,WELLSPAN WAYNESBORO HOSPITAL,501 EAST MAIN ST,WAYNESBORO,PA,17268,FRANKLIN,(717) 765-4000,01/01/2024,12/31/2024,Not Available,Not Available,469,1,0.262,Not Available,Not Available,Not Available,1,0.341,Not Available,507,0.755,0.192,3,10044,3.976,2.054,Not Available,Not Available,1,10044,0.372,Not Available,Not Available,Not Available,Not Available,Not Available,Not Available,Not Available,Not Available,Not Available,Not Available,Not Available,Not Available,Not Available,86397,7.5,012300,-77.569763939426,39.75160567785
390138,WELLSPAN WAYNESBORO HOSPITAL,501 EAST MAIN ST,WAYNESBORO,PA,17268,FRANKLIN,(717) 765-4000,01/01/2024,12/31/2024,Not Available,Not Available,469,1,0.262,Not Available,Not Available,Not Available,1,0.341,Not Available,507,0.755,0.192,3,10044,3.976,2.054,Not Available,Not Available,1,10044,0.372,Not Available,Not Available,Not Available,Not Available,Not Available,Not Available,Not Available,Not Available,Not Available,Not Available,Not Available,Not Available,Not Available,140357,7.9,012300,-77.569763939426,39.75160567785
390138,WELLSPAN WAYNESBORO HOSPITAL,501 EAST MAIN ST,WAYNESBORO,PA,17268,FRANKLIN,(717) 765-4000,01/01/2024,12/31/2024,Not Available,Not Available,469,1,0.262,Not Available,Not Available,Not Available,1,0.341,Not Available,507,0.755,0.192,3,10044,3.976,2.054,Not Available,Not Available,1,10044,0.372,Not Available,Not Available,Not Available,Not Available,Not Available,Not Available,Not Available,Not Available,Not Available,Not Available,Not Available,Not Available,Not Available,45250,18.1,012300,-77.569763939426,39.75160567785
390138,WELLSPAN WAYNESBORO HOSPITAL,501 EAST MAIN ST,WAYNESBORO,PA,17268,FRANKLIN,(717) 765-4000,01/01/2024,12/31/2024,Not Available,Not Available,469,1,0.262,Not Available,Not Available,Not Available,1,0.341,Not Available,507,0.755,0.192,3,10044,3.976,2.054,Not Available,Not Available,1,10044,0.372,Not Available,Not Available,Not Available,Not Available,Not Available,Not Available,Not Available,Not Available,Not Available,Not Available,Not Available,Not Available,Not Available,55434,14.9,012300,-77.569763939426,39.75160567785
390145,EXCELA HEALTH WESTMORELAND REGIONAL HOSPITAL,532 WEST PITTSBURGH STREET,GREENSBURG,PA,15601,WESTMORELAND,(724) 832-4000,01/01/2024,12/31/2024,0.122,0.006,6420,1,8.196,0.602,0.587,0.149,3,5.109,1.598,4595,0.445,0.241,12,58882,26.989,0.756,1.050,0.334,4,60990,3.810,2.532,Not Available,Not Available,14,0,0.126,Not Available,0.813,0.136,99,2,2.460,2.686,54000,17.7,804100,-79.55510891771,40.301120878657
390146,WARREN GENERAL HOSPITAL,2 CRESCENT PARK WEST,WARREN,PA,16365,WARREN,(814) 723-4973,01/01/2024,12/31/2024,Not Available,Not Available,317,0,0.217,Not Available,Not Available,Not Available,0,0.046,Not Available,73,0.733,0.269,5,6266,6.821,1.625,Not Available,Not Available,0,6266,0.148,Not Available,Not Available,Not Available,3,0,0.023,Not Available,Not Available,Not Available,10,0,0.269,Not Available,67056,15.1,970800,-79.156708234494,41.842845926682
390146,WARREN GENERAL HOSPITAL,2 CRESCENT PARK WEST,WARREN,PA,16365,WARREN,(814) 723-4973,01/01/2024,12/31/2024,Not Available,Not Available,317,0,0.217,Not Available,Not Available,Not Available,0,0.046,Not Available,73,0.733,0.269,5,6266,6.821,1.625,Not Available,Not Available,0,6266,0.148,Not Available,Not Available,Not Available,3,0,0.023,Not Available,Not Available,Not Available,10,0,0.269,Not Available,40385,8.9,970800,-79.156708234494,41.842845926682
390150,UPMC GREENE,350 BONAR AVENUE,WAYNESBURG,PA,15370,GREENE,(724) 627-2602,01/01/2024,12/31/2024,Not Available,Not Available,124,0,0.060,Not Available,Not Available,Not Available,0,0.002,Not Available,3,Not Available,Not Available,1,1180,0.610,Not Available,Not Available,Not Available,0,1180,0.023,Not Available,Not Available,Not Available,Not Available,Not Available,Not Available,Not Available,Not Available,Not Available,Not Available,Not Available,Not Available,Not Available,83480,8.1,970501,-80.17386234561,39.90062783117
390153,PAOLI HOSPITAL,255 WEST LANCASTER AVENUE,PAOLI,PA,19301,CHESTER,(610) 648-1000,01/01/2024,12/31/2024,1.049,0.552,10489,11,10.482,1.824,0.652,0.207,4,6.134,1.573,6774,0.281,0.137,9,73772,32.073,0.515,2.022,0.819,6,79239,2.968,4.205,0.926,0.046,155,1,1.080,4.567,0.894,0.284,189,4,4.473,2.157,131420,2.4,300303,-75.499784316483,40.0421093493
390156,MERCY CATHOLIC MEDICAL CENTER- MERCY FITZGERALD,1500 LANSDOWNE  AVE,DARBY,PA,19023,DELAWARE,(215) 237-4000,01/01/2024,12/31/2024,1.722,0.800,4450,8,4.645,3.270,1.221,0.495,6,4.916,2.539,5548,0.404,0.148,5,30431,12.366,0.896,0.704,0.035,1,30431,1.420,3.473,Not Available,Not Available,20,2,0.206,Not Available,1.047,0.176,72,2,1.910,3.460,57583,23.5,402600,-75.268070087463,39.926535264629
390160,CANONSBURG GENERAL HOSPITAL,100 MEDICAL BOULEVARD,CANONSBURG,PA,15317,WASHINGTON,(724) 745-6100,01/01/2024,12/31/2024,0.893,0.045,1127,1,1.120,4.403,Not Available,Not Available,0,0.810,Not Available,917,1.023,0.260,3,8048,2.932,2.785,Not Available,Not Available,0,8048,0.397,Not Available,Not Available,Not Available,Not Available,Not Available,Not Available,Not Available,Not Available,Not Available,2,0,0.059,Not Available,102708,3.6,745101,-80.190046459663,40.248793047754
390164,UPMC PRESBYTERIAN SHADYSIDE,200 LOTHROP STREET,PITTSBURGH,PA,15213,ALLEGHENY,(412) 647-2345,01/01/2024,12/31/2024,0.723,0.570,60667,72,99.615,0.905,1.037,0.835,86,82.917,1.275,76734,0.825,0.715,194,333605,235.208,0.947,0.849,0.575,28,333605,32.980,1.211,Not Available,Not Available,44,0,0.401,Not Available,0.509,0.276,792,12,23.587,0.865,31250,61.7,040200,-79.960750094731,40.441895700706
390173,INDIANA REGIONAL MEDICAL CENTER,835 HOSPITAL ROAD,INDIANA,PA,15701,INDIANA,(724) 357-7000,01/01/2024,12/31/2024,1.170,0.429,4111,5,4.275,2.592,0.423,0.021,1,2.362,2.088,2657,0.543,0.276,10,24617,18.424,0.967,1.040,0.174,2,25098,1.923,3.436,Not Available,Not Available,2,0,0.015,Not Available,1.967,0.500,60,3,1.525,5.354,73203,4.6,960800,-79.158899209906,40.608084757191
390173,INDIANA REGIONAL MEDICAL CENTER,835 HOSPITAL ROAD,INDIANA,PA,15701,INDIANA,(724) 357-7000,01/01/2024,12/31/2024,1.170,0.429,4111,5,4.275,2.592,0.423,0.021,1,2.362,2.088,2657,0.543,0.276,10,24617,18.424,0.967,1.040,0.174,2,25098,1.923,3.436,Not Available,Not Available,2,0,0.015,Not Available,1.967,0.500,60,3,1.525,5.354,83084,4.3,960800,-79.158899209906,40.608084757191
390173,INDIANA REGIONAL MEDICAL CENTER,835 HOSPITAL ROAD,INDIANA,PA,15701,INDIANA,(724) 357-7000,01/01/2024,12/31/2024,1.170,0.429,4111,5,4.275,2.592,0.423,0.021,1,2.362,2.088,2657,0.543,0.276,10,24617,18.424,0.967,1.040,0.174,2,25098,1.923,3.436,Not Available,Not Available,2,0,0.015,Not Available,1.967,0.500,60,3,1.525,5.354,36667,36.5,960800,-79.158899209906,40.608084757191
390173,INDIANA REGIONAL MEDICAL CENTER,835 HOSPITAL ROAD,INDIANA,PA,15701,INDIANA,(724) 357-7000,01/01/2024,12/31/2024,1.170,0.429,4111,5,4.275,2.592,0.423,0.021,1,2.362,2.088,2657,0.543,0.276,10,24617,18.424,0.967,1.040,0.174,2,25098,1.923,3.436,Not Available,Not Available,2,0,0.015,Not Available,1.967,0.500,60,3,1.525,5.354,66086,12.4,960800,-79.158899209906,40.608084757191
390178,UPMC HORIZON,110 NORTH MAIN STREET,GREENVILLE,PA,16125,MERCER,(724) 588-2100,01/01/2024,12/31/2024,0.625,0.031,2244,1,1.599,3.084,Not Available,Not Available,1,0.754,Not Available,1000,0.437,0.073,2,14576,4.576,1.444,Not Available,Not Available,0,16644,0.560,Not Available,Not Available,Not Available,8,0,0.068,Not Available,Not Available,Not Available,8,0,0.185,Not Available,58587,5.4,032200,-80.372424462306,41.411157087501
390178,UPMC HORIZON,110 NORTH MAIN STREET,GREENVILLE,PA,16125,MERCER,(724) 588-2100,01/01/2024,12/31/2024,0.625,0.031,2244,1,1.599,3.084,Not Available,Not Available,1,0.754,Not Available,1000,0.437,0.073,2,14576,4.576,1.444,Not Available,Not Available,0,16644,0.560,Not Available,Not Available,Not Available,8,0,0.068,Not Available,Not Available,Not Available,8,0,0.185,Not Available,58170,9.7,032200,-80.372424462306,41.411157087501
390179,CHESTER COUNTY HOSPITAL,701 EAST MARSHALL STREET,WEST CHESTER,PA,19380,CHESTER,(610) 431-5000,01/01/2024,12/31/2024,1.023,0.499,7257,9,8.801,1.877,0.797,0.323,6,7.528,1.658,7385,0.292,0.153,11,82840,37.694,0.507,0.419,0.070,2,92660,4.773,1.384,1.567,0.498,318,4,2.552,3.781,1.295,0.474,156,5,3.861,2.870,92455,8.2,302702,-75.601359537005,39.970484520793
390184,PENN HIGHLANDS CONNELLSVILLE,401 EAST MURPHY AVENUE,CONNELLSVILLE,PA,15425,FAYETTE,(724) 628-1500,01/01/2024,12/31/2024,Not Available,Not Available,276,0,0.150,Not Available,Not Available,Not Available,Not Available,Not Available,Not Available,Not Available,Not Available,Not Available,0,4718,0.932,Not Available,Not Available,Not Available,0,4718,0.125,Not Available,Not Available,Not Available,Not Available,Not Available,Not Available,Not Available,Not Available,Not Available,Not Available,Not Available,Not Available,Not Available,38942,18.7,260800,-79.587291872308,40.023126495821
390199,PUNXSUTAWNEY AREA HOSPITAL,81 HILLCREST DRIVE,PUNXSUTAWNEY,PA,15767,JEFFERSON,(814) 938-1800,01/01/2024,12/31/2024,Not Available,Not Available,881,0,0.444,Not Available,Not Available,Not Available,0,0.096,Not Available,159,1.701,0.690,6,6769,3.527,3.538,Not Available,Not Available,0,7160,0.157,Not Available,Not Available,Not Available,3,0,0.025,Not Available,Not Available,Not Available,12,0,0.287,Not Available,53996,23.5,951100,-78.999978895771,40.960236067533
390199,PUNXSUTAWNEY AREA HOSPITAL,81 HILLCREST DRIVE,PUNXSUTAWNEY,PA,15767,JEFFERSON,(814) 938-1800,01/01/2024,12/31/2024,Not Available,Not Available,881,0,0.444,Not Available,Not Available,Not Available,0,0.096,Not Available,159,1.701,0.690,6,6769,3.527,3.538,Not Available,Not Available,0,7160,0.157,Not Available,Not Available,Not Available,3,0,0.025,Not Available,Not Available,Not Available,12,0,0.287,Not Available,74250,12.3,951100,-78.999978895771,40.960236067533
390199,PUNXSUTAWNEY AREA HOSPITAL,81 HILLCREST DRIVE,PUNXSUTAWNEY,PA,15767,JEFFERSON,(814) 938-1800,01/01/2024,12/31/2024,Not Available,Not Available,881,0,0.444,Not Available,Not Available,Not Available,0,0.096,Not Available,159,1.701,0.690,6,6769,3.527,3.538,Not Available,Not Available,0,7160,0.157,Not Available,Not Available,Not Available,3,0,0.025,Not Available,Not Available,Not Available,12,0,0.287,Not Available,60424,12.2,951100,-78.999978895771,40.960236067533
390199,PUNXSUTAWNEY AREA HOSPITAL,81 HILLCREST DRIVE,PUNXSUTAWNEY,PA,15767,JEFFERSON,(814) 938-1800,01/01/2024,12/31/2024,Not Available,Not Available,881,0,0.444,Not Available,Not Available,Not Available,0,0.096,Not Available,159,1.701,0.690,6,6769,3.527,3.538,Not Available,Not Available,0,7160,0.157,Not Available,Not Available,Not Available,3,0,0.025,Not Available,Not Available,Not Available,12,0,0.287,Not Available,71202,8.1,951100,-78.999978895771,40.960236067533
390199,PUNXSUTAWNEY AREA HOSPITAL,81 HILLCREST DRIVE,PUNXSUTAWNEY,PA,15767,JEFFERSON,(814) 938-1800,01/01/2024,12/31/2024,Not Available,Not Available,881,0,0.444,Not Available,Not Available,Not Available,0,0.096,Not Available,159,1.701,0.690,6,6769,3.527,3.538,Not Available,Not Available,0,7160,0.157,Not Available,Not Available,Not Available,3,0,0.025,Not Available,Not Available,Not Available,12,0,0.287,Not Available,56310,13.0,951100,-78.999978895771,40.960236067533
